{
  "pet": [
    0.20435847342014313,
    -0.044731736183166504,
    -0.1972789317369461,
    -0.45111557841300964,
    -0.424439400434494,
    -0.22616863250732422,
    0.014739572070538998,
    0.16439764201641083,
    0.21440789103507996,
    0.12325343489646912,
    0.2908785939216614,
    NaN
  ],
  "pck": [
    0.6999751329421997,
    0.23692576587200165,
    -0.18226543068885803,
    -0.5190494656562805,
    -0.7540671229362488,
    -0.6176183223724365,
    -0.531194806098938,
    -0.3544141948223114,
    0.12176110595464706,
    0.8573430180549622,
    0.7016416788101196,
    NaN
  ],
  "aet": [
    0.606763482093811,
    0.053059689700603485,
    -0.2049880474805832,
    -0.37434735894203186,
    -0.5018119812011719,
    -0.5920036435127258,
    -0.2896452248096466,
    -0.0029060733504593372,
    0.06134745478630066,
    0.022001106292009354,
    -0.0688135176897049,
    NaN
  ],
  "cwd": [
    0.3423617482185364,
    0.38984745740890503,
    0.3514437973499298,
    0.04790623113512993,
    -0.3100910484790802,
    0.031013162806630135,
    -0.7337885499000549,
    -0.8610596060752869,
    -0.8560394644737244,
    -1.43184494972229,
    -2.681149959564209,
    NaN
  ]
}