{
  "run_id": "v9-kbdi",
  "created": "2026-03-19T20:50:18",
  "git_tag": "v9-kbdi",
  "git_hash": "5133657",
  "notes": "v8c base + KBDI dynamic channel (replaces drought_code); 11 dynamic inputs, MSE loss",
  "zarr_store": "/home/mmann1123/extra_space/bcm_emulator/data/bcm_dataset.zarr",
  "zarr_md5_meta": "976cea9fc3d39bd72bf55cd29b165bb0",
  "training_summary": {
    "best_val_loss": 0.39028593144852136,
    "best_epoch": 63,
    "total_epochs": 100
  },
  "metrics_summary": {
    "pet": {
      "nse": 0.9246232509613037,
      "kge": 0.9523850159612053,
      "rmse": 16.54238510131836,
      "pbias": -1.8411189317703247
    },
    "pck": {
      "nse": 0.9291813969612122,
      "kge": 0.854570041943419,
      "rmse": 13.957276344299316,
      "pbias": 12.350625038146973
    },
    "aet": {
      "nse": 0.823529839515686,
      "kge": 0.7431790018954181,
      "rmse": 12.653756141662598,
      "pbias": 6.634954452514648
    },
    "cwd": {
      "nse": 0.8956416845321655,
      "kge": 0.9066590917268796,
      "rmse": 18.79819679260254,
      "pbias": -3.760415554046631
    },
    "aet_p95": {
      "rmse": 31.942806243896484,
      "bias": -26.364137649536133,
      "n_samples": 289047,
      "exceedance_hit_rate": 0.7402533152047936
    },
    "aet_p99": {
      "rmse": 41.337364196777344,
      "bias": -38.44818115234375,
      "n_samples": 57813,
      "exceedance_hit_rate": 0.5228408835383045
    },
    "cwd_p95": {
      "rmse": 10.509827613830566,
      "bias": -4.621643543243408,
      "n_samples": 289066,
      "exceedance_hit_rate": 0.7975756401652218
    },
    "cwd_p99": {
      "rmse": 8.216442108154297,
      "bias": -4.243993282318115,
      "n_samples": 57812,
      "exceedance_hit_rate": 0.669791738739362
    },
    "cwd_identity_mae": NaN
  }
}