{
  "pet": [
    0.15869051218032837,
    -0.004902945831418037,
    -0.1720532774925232,
    -0.46368730068206787,
    -0.4334699213504791,
    -0.25880175828933716,
    -0.03431713208556175,
    0.1681261509656906,
    0.2265995740890503,
    0.15843930840492249,
    0.6509150266647339,
    NaN
  ],
  "pck": [
    0.7590119242668152,
    0.26480454206466675,
    -0.19927716255187988,
    -0.7177015542984009,
    -1.0902360677719116,
    -0.8497485518455505,
    -0.3072291612625122,
    0.05369288846850395,
    0.4483950734138489,
    1.0374245643615723,
    1.1694132089614868,
    NaN
  ],
  "aet": [
    0.6395797729492188,
    0.09452841430902481,
    -0.2534576654434204,
    -0.4792848825454712,
    -0.5184736847877502,
    -0.6030741930007935,
    -0.33391207456588745,
    0.037021610885858536,
    0.17189045250415802,
    0.1850188672542572,
    0.018260464072227478,
    NaN
  ],
  "cwd": [
    0.2509339451789856,
    0.3109387159347534,
    0.3044574558734894,
    -0.0018439010018482804,
    -0.24080558121204376,
    0.12275341153144836,
    -0.6695478558540344,
    -0.7294573783874512,
    -0.6933892369270325,
    -1.4335533380508423,
    -2.4330646991729736,
    NaN
  ]
}