{
  "run_id": "v8b-no-extreme",
  "created": "2026-03-18T11:20:51",
  "git_tag": "v8b-no-extreme",
  "git_hash": "35a5fd4",
  "notes": "v8 soil physics channels (soil_depth, aridity, FC, WP, SOM) with extreme_weight=0.0",
  "zarr_store": "/home/mmann1123/extra_space/bcm_emulator/data/bcm_dataset.zarr",
  "zarr_md5_meta": "9e57b5803c2d17874e5cc5ebc25165b1",
  "training_summary": {
    "best_val_loss": 0.17944004571741554,
    "best_epoch": 78,
    "total_epochs": 100
  },
  "metrics_summary": {
    "pet": {
      "nse": 0.9267089366912842,
      "kge": 0.9444653872877635,
      "rmse": 16.31191635131836,
      "pbias": -1.0244216918945312
    },
    "pck": {
      "nse": 0.9159431457519531,
      "kge": 0.8163764578412934,
      "rmse": 15.205948829650879,
      "pbias": 13.346635818481445
    },
    "aet": {
      "nse": 0.8392763137817383,
      "kge": 0.767195866541882,
      "rmse": 12.076017379760742,
      "pbias": 4.898377418518066
    },
    "cwd": {
      "nse": 0.8988348841667175,
      "kge": 0.9347214006116155,
      "rmse": 18.508363723754883,
      "pbias": -1.982993483543396
    },
    "aet_p95": {
      "rmse": 29.347105026245117,
      "bias": -23.26464080810547,
      "n_samples": 289047,
      "exceedance_hit_rate": 0.7569253443211658
    },
    "aet_p99": {
      "rmse": 37.07929992675781,
      "bias": -33.41145324707031,
      "n_samples": 57813,
      "exceedance_hit_rate": 0.5718782972687804
    },
    "cwd_p95": {
      "rmse": 8.703502655029297,
      "bias": 0.622508704662323,
      "n_samples": 289066,
      "exceedance_hit_rate": 0.8042869102557894
    },
    "cwd_p99": {
      "rmse": 5.0457868576049805,
      "bias": 0.5572551488876343,
      "n_samples": 57812,
      "exceedance_hit_rate": 0.6830069881685463
    },
    "cwd_identity_mae": NaN
  }
}