{
  "pet": [
    0.4801596701145172,
    0.16492684185504913,
    -0.19350557029247284,
    -0.6321452260017395,
    -0.6325044631958008,
    -0.49986425042152405,
    -0.2699764370918274,
    -0.008622347377240658,
    0.18749552965164185,
    0.46654024720191956,
    1.183209776878357,
    NaN
  ],
  "pck": [
    0.7033524513244629,
    0.14236469566822052,
    -0.330575555562973,
    -0.5430606007575989,
    -0.5908007621765137,
    -0.5181809067726135,
    -0.42447564005851746,
    -0.24154740571975708,
    0.27658897638320923,
    0.5430201292037964,
    0.5765911936759949,
    NaN
  ],
  "aet": [
    0.25905588269233704,
    -0.22360540926456451,
    -0.33293673396110535,
    -0.39017295837402344,
    -0.17981496453285217,
    -0.25008532404899597,
    0.25172460079193115,
    0.34340882301330566,
    0.013241633772850037,
    -0.24062007665634155,
    0.07272835075855255,
    NaN
  ],
  "cwd": [
    0.10935600101947784,
    0.145334854722023,
    0.19316813349723816,
    -0.09334714710712433,
    -0.2479465901851654,
    0.24845869839191437,
    -0.4255484342575073,
    -0.39178407192230225,
    -0.3339357376098633,
    -1.1306121349334717,
    -2.445216417312622,
    NaN
  ]
}