{
  "pet": [
    0.16977658867835999,
    -0.011842590756714344,
    -0.17595545947551727,
    -0.4668324291706085,
    -0.45813846588134766,
    -0.24870246648788452,
    -0.005320386961102486,
    0.17475029826164246,
    0.22527402639389038,
    0.20848983526229858,
    0.503125011920929,
    NaN
  ],
  "pck": [
    0.5936254262924194,
    0.12310143560171127,
    -0.20374749600887299,
    -0.31540921330451965,
    -0.6241934299468994,
    -0.5858421921730042,
    -0.4959383010864258,
    -0.3789772093296051,
    0.008255952037870884,
    0.7927153706550598,
    0.8659161925315857,
    NaN
  ],
  "aet": [
    0.6268380284309387,
    0.10791167616844177,
    -0.20291081070899963,
    -0.43207722902297974,
    -0.5021775364875793,
    -0.6319335103034973,
    -0.3644144535064697,
    -0.0183438528329134,
    0.10151911526918411,
    0.12295477092266083,
    -0.039694689214229584,
    NaN
  ],
  "cwd": [
    0.2203165590763092,
    0.3167191743850708,
    0.3281340003013611,
    0.010610545985400677,
    -0.2885262370109558,
    0.1500367969274521,
    -0.678540825843811,
    -0.7237616181373596,
    -0.6958204507827759,
    -1.3433510065078735,
    -2.447387218475342,
    NaN
  ]
}