{
  "run_id": "v3-vpd-awc",
  "created": "2026-03-16T02:00:31",
  "git_tag": "v3-vpd-awc",
  "git_hash": "1e6d507",
  "notes": "Added VPD dynamic input + POLARIS AWC static input",
  "zarr_store": "/home/mmann1123/extra_space/bcm_emulator/data/bcm_dataset.zarr",
  "zarr_md5_meta": "c7e74ad168de9bce86a52e9085ed2e61",
  "training_summary": {
    "best_val_loss": 0.3697590914628055,
    "best_epoch": 86,
    "total_epochs": 100
  },
  "metrics_summary": {
    "pet": {
      "nse": 0.9261816143989563,
      "kge": 0.946322590380857,
      "rmse": 16.37049102783203,
      "pbias": -0.9724529981613159
    },
    "pck": {
      "nse": 0.940650463104248,
      "kge": 0.8732329026535242,
      "rmse": 12.777200698852539,
      "pbias": 10.27329158782959
    },
    "aet": {
      "nse": 0.8334169387817383,
      "kge": 0.7546061558101029,
      "rmse": 12.294169425964355,
      "pbias": 5.396150588989258
    },
    "cwd": {
      "nse": 0.9022693634033203,
      "kge": 0.9307757309777418,
      "rmse": 18.19148063659668,
      "pbias": -2.1637380123138428
    },
    "cwd_identity_mae": NaN
  }
}