{
  "pet": {
    "nse": 0.9261816143989563,
    "kge": 0.946322590380857,
    "rmse": 16.37049102783203,
    "pbias": -0.9724529981613159
  },
  "pck": {
    "nse": 0.940650463104248,
    "kge": 0.8732329026535242,
    "rmse": 12.777200698852539,
    "pbias": 10.27329158782959
  },
  "aet": {
    "nse": 0.8334169387817383,
    "kge": 0.7546061558101029,
    "rmse": 12.294169425964355,
    "pbias": 5.396150588989258
  },
  "cwd": {
    "nse": 0.9022693634033203,
    "kge": 0.9307757309777418,
    "rmse": 18.19148063659668,
    "pbias": -2.1637380123138428
  },
  "cwd_identity_mae": NaN
}