{
  "pet": [
    0.4380488097667694,
    0.14231087267398834,
    -0.18462525308132172,
    -0.5916645526885986,
    -0.6057132482528687,
    -0.4847549796104431,
    -0.24137605726718903,
    -0.01201978512108326,
    0.16017502546310425,
    0.43962132930755615,
    1.1970124244689941,
    NaN
  ],
  "pck": [
    0.7700521349906921,
    0.17634572088718414,
    -0.3919638395309448,
    -0.6456608772277832,
    -0.6495934724807739,
    -0.5382440090179443,
    -0.39232850074768066,
    -0.1297232061624527,
    0.28798067569732666,
    0.6020711064338684,
    0.6480001211166382,
    NaN
  ],
  "aet": [
    0.48395901918411255,
    -0.0883505716919899,
    -0.3942171037197113,
    -0.5230522751808167,
    -0.37025943398475647,
    -0.368605375289917,
    0.07099363952875137,
    0.3068735897541046,
    0.17292004823684692,
    0.026272710412740707,
    -0.057990700006484985,
    NaN
  ],
  "cwd": [
    0.10280724614858627,
    0.14290310442447662,
    0.13100546598434448,
    -0.15261320769786835,
    -0.3040551543235779,
    0.2088950276374817,
    -0.37049737572669983,
    -0.29488828778266907,
    -0.2137521207332611,
    -1.0089490413665771,
    -1.951844334602356,
    NaN
  ]
}