{
  "pet": [
    0.3845910131931305,
    0.12398139387369156,
    -0.17054055631160736,
    -0.5442351698875427,
    -0.5958412885665894,
    -0.49025478959083557,
    -0.19129745662212372,
    -0.00750213535502553,
    0.14079245924949646,
    0.46873319149017334,
    1.1575019359588623,
    NaN
  ],
  "pck": [
    0.7609074711799622,
    0.23702770471572876,
    -0.21272732317447662,
    -0.582275390625,
    -0.8335651159286499,
    -0.7281447649002075,
    -0.47987592220306396,
    -0.2086462378501892,
    0.31031477451324463,
    0.7789651155471802,
    0.7814029455184937,
    NaN
  ],
  "aet": [
    0.532565712928772,
    -0.06607259809970856,
    -0.40464887022972107,
    -0.5475906729698181,
    -0.4185854494571686,
    -0.38908204436302185,
    -0.010781749151647091,
    0.2748696208000183,
    0.254535436630249,
    0.14655211567878723,
    -0.012621428817510605,
    NaN
  ],
  "cwd": [
    0.1420994997024536,
    0.1689741015434265,
    0.15951640903949738,
    -0.18987934291362762,
    -0.33208975195884705,
    0.17036138474941254,
    -0.36243146657943726,
    -0.34238532185554504,
    -0.3124181032180786,
    -0.9027314782142639,
    -1.942572832107544,
    NaN
  ]
}