{
  "pet": [
    0.37262508273124695,
    0.1096082329750061,
    -0.19103838503360748,
    -0.5887346863746643,
    -0.5813812017440796,
    -0.444259375333786,
    -0.16251303255558014,
    0.06099218130111694,
    0.212175652384758,
    0.43226608633995056,
    1.0370268821716309,
    NaN
  ],
  "pck": [
    0.3679886758327484,
    -0.07758806645870209,
    0.07183029502630234,
    -0.10231448709964752,
    -0.8108806610107422,
    -0.6634432077407837,
    -0.2736414968967438,
    -0.1508374810218811,
    0.17047187685966492,
    0.6567018628120422,
    0.7036116123199463,
    NaN
  ],
  "aet": [
    0.48615920543670654,
    -0.0950915589928627,
    -0.3690471947193146,
    -0.5025345683097839,
    -0.3865131735801697,
    -0.3568108379840851,
    0.026419006288051605,
    0.25609955191612244,
    0.1917169690132141,
    0.046091094613075256,
    -0.03250152990221977,
    NaN
  ],
  "cwd": [
    0.15892931818962097,
    0.22909319400787354,
    0.26564204692840576,
    -0.06931989639997482,
    -0.30968740582466125,
    0.16849175095558167,
    -0.4634822905063629,
    -0.5295144319534302,
    -0.5002522468566895,
    -1.135161280632019,
    -2.5119638442993164,
    NaN
  ]
}