{
  "pet": {
    "nse": 0.8830230832099915,
    "kge": 0.8771095469023498,
    "rmse": 20.60770034790039,
    "pbias": -1.0977489948272705
  },
  "pck": {
    "nse": 0.9355869889259338,
    "kge": 0.9142034813757912,
    "rmse": 13.311095237731934,
    "pbias": 4.675580978393555
  },
  "aet": {
    "nse": 0.8547549247741699,
    "kge": 0.8154102945647168,
    "rmse": 11.479804039001465,
    "pbias": 7.59041166305542
  },
  "cwd": {
    "nse": 0.9221159815788269,
    "kge": 0.9223644880305655,
    "rmse": 16.239654541015625,
    "pbias": -3.4376635551452637
  },
  "aet_p95": {
    "rmse": 25.568857192993164,
    "bias": -17.384653091430664,
    "n_samples": 289047,
    "exceedance_hit_rate": 0.7531993066871477
  },
  "aet_p99": {
    "rmse": 30.47269630432129,
    "bias": -25.385250091552734,
    "n_samples": 57813,
    "exceedance_hit_rate": 0.5787279677581166
  },
  "cwd_p95": {
    "rmse": 9.473299980163574,
    "bias": -3.685218095779419,
    "n_samples": 289066,
    "exceedance_hit_rate": 0.7741553831996845
  },
  "cwd_p99": {
    "rmse": 6.558653831481934,
    "bias": -3.6168880462646484,
    "n_samples": 57812,
    "exceedance_hit_rate": 0.658375423787449
  },
  "cwd_identity_mae": NaN
}