{
  "pet": [
    0.718122661113739,
    0.40048137307167053,
    -0.010430755093693733,
    -0.4323446452617645,
    -0.6591079235076904,
    -0.7597479820251465,
    -0.6378706693649292,
    -0.4026213586330414,
    -0.05455738306045532,
    0.3435712456703186,
    0.7136760354042053,
    0.8345137238502502
  ],
  "pck": [
    0.867305338382721,
    0.6346136331558228,
    0.3770677447319031,
    0.13055311143398285,
    -0.02349478006362915,
    -0.10509181022644043,
    -0.149550661444664,
    -0.20324264466762543,
    -0.24940814077854156,
    -0.24900200963020325,
    -0.1972048431634903,
    -0.1417766809463501
  ],
  "aet": [
    0.63534015417099,
    0.2380622923374176,
    -0.10772901028394699,
    -0.220668226480484,
    -0.19196687638759613,
    -0.20505976676940918,
    -0.1334788054227829,
    -0.19864720106124878,
    -0.1590471714735031,
    0.10980807989835739,
    0.48083218932151794,
    0.7450108528137207
  ],
  "cwd": [
    0.13216526806354523,
    0.07634460926055908,
    -0.043542202562093735,
    -0.12086169421672821,
    -0.10874998569488525,
    0.13912250101566315,
    -0.1872549057006836,
    -0.23849481344223022,
    -0.12800948321819305,
    -0.046503398567438126,
    0.11342122405767441,
    0.32466384768486023
  ]
}