{
  "pet": {
    "nse": 0.8633483052253723,
    "kge": 0.8427330922972592,
    "rmse": 22.050037384033203,
    "pbias": 2.7904868125915527
  },
  "pck": {
    "nse": 0.9647088646888733,
    "kge": 0.9261505215846713,
    "rmse": 22.046247482299805,
    "pbias": -4.5452375411987305
  },
  "aet": {
    "nse": 0.8243116736412048,
    "kge": 0.7844165895867468,
    "rmse": 12.91474437713623,
    "pbias": 11.55321216583252
  },
  "cwd": {
    "nse": 0.9190808534622192,
    "kge": 0.9404324889192953,
    "rmse": 16.22652816772461,
    "pbias": -1.3445945978164673
  },
  "aet_p95": {
    "rmse": 30.695985794067383,
    "bias": -19.232194900512695,
    "n_samples": 1445227,
    "exceedance_hit_rate": 0.7150959676230793
  },
  "aet_p99": {
    "rmse": 42.53035354614258,
    "bias": -32.013084411621094,
    "n_samples": 289046,
    "exceedance_hit_rate": 0.5739017319042644
  },
  "cwd_p95": {
    "rmse": 10.35433578491211,
    "bias": -5.552972793579102,
    "n_samples": 1445227,
    "exceedance_hit_rate": 0.8409294872016645
  },
  "cwd_p99": {
    "rmse": 8.51434326171875,
    "bias": -5.345687389373779,
    "n_samples": 289046,
    "exceedance_hit_rate": 0.691768784207358
  },
  "cwd_identity_mae": NaN
}