{
  "pet": [
    0.4014985263347626,
    0.13915914297103882,
    -0.2015567421913147,
    -0.5593160390853882,
    -0.6243855357170105,
    -0.5011504888534546,
    -0.18109896779060364,
    0.04074905812740326,
    0.20076756179332733,
    0.49460262060165405,
    1.0090558528900146,
    NaN
  ],
  "pck": [
    0.7717499136924744,
    0.273463636636734,
    -0.20485475659370422,
    -0.7222809791564941,
    -1.0637707710266113,
    -0.8312698602676392,
    -0.33149299025535583,
    0.03758803382515907,
    0.4664180278778076,
    0.9633208513259888,
    1.013289451599121,
    NaN
  ],
  "aet": [
    0.5056953430175781,
    -0.07246769219636917,
    -0.36495810747146606,
    -0.5036720037460327,
    -0.4017471671104431,
    -0.39819803833961487,
    -0.020406125113368034,
    0.2470158487558365,
    0.2190949022769928,
    0.07879414409399033,
    -0.02346040867269039,
    NaN
  ],
  "cwd": [
    0.11912873387336731,
    0.19538456201553345,
    0.12792819738388062,
    -0.07796578854322433,
    -0.32219675183296204,
    0.20680813491344452,
    -0.3584051728248596,
    -0.3389795422554016,
    -0.3686310946941376,
    -0.9611336588859558,
    -2.6012561321258545,
    NaN
  ]
}