{
  "pet": {
    "nse": 0.8777575492858887,
    "kge": 0.8672139429198924,
    "rmse": 21.066410064697266,
    "pbias": -0.8382321000099182
  },
  "pck": {
    "nse": 0.9060952663421631,
    "kge": 0.825218625580492,
    "rmse": 16.07202911376953,
    "pbias": 11.385891914367676
  },
  "aet": {
    "nse": 0.854212760925293,
    "kge": 0.8141875738355625,
    "rmse": 11.501211166381836,
    "pbias": 7.3368048667907715
  },
  "cwd": {
    "nse": 0.9249218106269836,
    "kge": 0.9310137317552136,
    "rmse": 15.944448471069336,
    "pbias": -3.081697463989258
  },
  "aet_p95": {
    "rmse": 25.387773513793945,
    "bias": -17.725421905517578,
    "n_samples": 289047,
    "exceedance_hit_rate": 0.7573093649129726
  },
  "aet_p99": {
    "rmse": 31.02920913696289,
    "bias": -26.54023551940918,
    "n_samples": 57813,
    "exceedance_hit_rate": 0.5538546693650217
  },
  "cwd_p95": {
    "rmse": 8.55828857421875,
    "bias": -2.4662117958068848,
    "n_samples": 289066,
    "exceedance_hit_rate": 0.7862183722748438
  },
  "cwd_p99": {
    "rmse": 5.5059638023376465,
    "bias": -2.2083003520965576,
    "n_samples": 57812,
    "exceedance_hit_rate": 0.6918632809797274
  },
  "cwd_identity_mae": NaN
}