{
  "pet": [
    0.4022296369075775,
    0.12347159534692764,
    -0.17812742292881012,
    -0.5758148431777954,
    -0.6166232824325562,
    -0.4825252890586853,
    -0.1965966373682022,
    0.035487715154886246,
    0.19668197631835938,
    0.4913354218006134,
    1.0302543640136719,
    NaN
  ],
  "pck": [
    0.7449489235877991,
    0.24415811896324158,
    -0.16980719566345215,
    -0.5665773749351501,
    -0.8571988940238953,
    -0.7498149275779724,
    -0.4645366668701172,
    -0.24757109582424164,
    0.2672349214553833,
    0.7935425639152527,
    0.8483243584632874,
    NaN
  ],
  "aet": [
    0.5217649340629578,
    -0.09375889599323273,
    -0.4120427370071411,
    -0.5133891701698303,
    -0.39515918493270874,
    -0.367284893989563,
    0.021795162931084633,
    0.2712710201740265,
    0.21830050647258759,
    0.08371260017156601,
    -0.03288984298706055,
    NaN
  ],
  "cwd": [
    0.13195957243442535,
    0.1992408186197281,
    0.1750115007162094,
    -0.11069005727767944,
    -0.34409695863723755,
    0.18810130655765533,
    -0.3916113078594208,
    -0.3710326552391052,
    -0.36499321460723877,
    -0.9710373282432556,
    -2.3742339611053467,
    NaN
  ]
}