{
  "pet": {
    "nse": 0.9274418950080872,
    "kge": 0.945325058456252,
    "rmse": 16.230144500732422,
    "pbias": -1.005706787109375
  },
  "pck": {
    "nse": 0.9501159191131592,
    "kge": 0.885831342540996,
    "rmse": 11.714076042175293,
    "pbias": 9.405566215515137
  },
  "aet": {
    "nse": 0.8279914855957031,
    "kge": 0.7400993088621881,
    "rmse": 12.492772102355957,
    "pbias": 4.111741065979004
  },
  "cwd": {
    "nse": 0.9070744514465332,
    "kge": 0.9294438949521364,
    "rmse": 17.738636016845703,
    "pbias": -1.676013469696045
  },
  "aet_p95": {
    "rmse": 31.58561897277832,
    "bias": -26.563005447387695,
    "n_samples": 289047,
    "exceedance_hit_rate": 0.7538082042020848
  },
  "aet_p99": {
    "rmse": 40.521026611328125,
    "bias": -37.68653106689453,
    "n_samples": 57813,
    "exceedance_hit_rate": 0.5609292027744625
  },
  "cwd_p95": {
    "rmse": 8.821635246276855,
    "bias": -0.8092811703681946,
    "n_samples": 289066,
    "exceedance_hit_rate": 0.8010350577376792
  },
  "cwd_p99": {
    "rmse": 5.218198776245117,
    "bias": -0.3460591435432434,
    "n_samples": 57812,
    "exceedance_hit_rate": 0.684961599667889
  },
  "cwd_identity_mae": NaN
}