{
  "pet": [
    0.15685199201107025,
    -0.00638529984280467,
    -0.18130117654800415,
    -0.451829731464386,
    -0.4333277642726898,
    -0.25720131397247314,
    -0.023296263068914413,
    0.1541849970817566,
    0.2351938933134079,
    0.19674237072467804,
    0.5620070695877075,
    NaN
  ],
  "pck": [
    -0.0014956749510020018,
    -0.39126479625701904,
    -0.13160181045532227,
    0.28356632590293884,
    -0.3357987403869629,
    0.05783459171652794,
    -0.1865663230419159,
    -0.5050867795944214,
    -0.15912242233753204,
    0.7904102802276611,
    0.698294997215271,
    NaN
  ],
  "aet": [
    0.6489576697349548,
    0.10915861278772354,
    -0.27110475301742554,
    -0.5340297222137451,
    -0.5528452396392822,
    -0.5825715661048889,
    -0.2866612672805786,
    0.07485169172286987,
    0.19111019372940063,
    0.19293737411499023,
    0.022100821137428284,
    NaN
  ],
  "cwd": [
    0.2836323082447052,
    0.3658553659915924,
    0.342084139585495,
    0.04041823372244835,
    -0.30155280232429504,
    0.011664403602480888,
    -0.7222889065742493,
    -0.7846010327339172,
    -0.7308170199394226,
    -1.3689171075820923,
    -2.4595947265625,
    NaN
  ]
}