{
  "pet": [
    0.4386613667011261,
    0.15530946850776672,
    -0.1773248016834259,
    -0.5881190896034241,
    -0.6318292021751404,
    -0.5169469714164734,
    -0.23480382561683655,
    0.007107624318450689,
    0.1939912736415863,
    0.4547903537750244,
    1.1010264158248901,
    NaN
  ],
  "pck": [
    0.7855418920516968,
    0.28824663162231445,
    -0.30560600757598877,
    -0.7002851366996765,
    -0.8596452474594116,
    -0.6687080264091492,
    -0.38393816351890564,
    -0.042885489761829376,
    0.32629919052124023,
    0.6669089794158936,
    0.6375912427902222,
    NaN
  ],
  "aet": [
    0.2793397605419159,
    -0.2830544114112854,
    -0.4417720437049866,
    -0.37948575615882874,
    -0.10246599465608597,
    -0.20247608423233032,
    0.22975383698940277,
    0.35003966093063354,
    0.13727954030036926,
    -0.14372281730175018,
    0.02843903750181198,
    NaN
  ],
  "cwd": [
    0.19247615337371826,
    0.26432743668556213,
    0.2620221972465515,
    0.002873358316719532,
    -0.2849282920360565,
    0.10356111079454422,
    -0.5478860139846802,
    -0.5665095448493958,
    -0.5755776762962341,
    -1.2101877927780151,
    -2.61599063873291,
    NaN
  ]
}