{
  "pet": {
    "nse": 0.8573471307754517,
    "kge": 0.8437650541637847,
    "rmse": 22.757247924804688,
    "pbias": 0.11343755573034286
  },
  "pck": {
    "nse": 0.9258370399475098,
    "kge": 0.8276907846380349,
    "rmse": 14.283034324645996,
    "pbias": 13.723128318786621
  },
  "aet": {
    "nse": 0.8567993640899658,
    "kge": 0.8077147778953031,
    "rmse": 11.398724555969238,
    "pbias": 14.375575065612793
  },
  "cwd": {
    "nse": 0.9186415672302246,
    "kge": 0.9106707911857084,
    "rmse": 16.59792709350586,
    "pbias": -5.058432579040527
  },
  "aet_p95": {
    "rmse": 22.134241104125977,
    "bias": -13.017376899719238,
    "n_samples": 289047,
    "exceedance_hit_rate": 0.7596515445584974
  },
  "aet_p99": {
    "rmse": 25.824562072753906,
    "bias": -20.515247344970703,
    "n_samples": 57813,
    "exceedance_hit_rate": 0.5586805735734177
  },
  "cwd_p95": {
    "rmse": 10.545135498046875,
    "bias": -5.174961566925049,
    "n_samples": 289066,
    "exceedance_hit_rate": 0.7605356562169193
  },
  "cwd_p99": {
    "rmse": 7.812819004058838,
    "bias": -5.1612982749938965,
    "n_samples": 57812,
    "exceedance_hit_rate": 0.6675257731958762
  },
  "cwd_identity_mae": NaN
}