{
  "train_loss": [
    2.472180046473339,
    0.7071859177257351,
    0.5985119610455385,
    0.5285252464298483,
    0.48696080343738485,
    0.4623674072657421,
    0.43204436117423317,
    0.40894101145667383,
    0.3845044322580795,
    0.3680993520403617,
    0.35337386750111915,
    0.34265616447556047,
    0.3329919615875131,
    0.3267398910664196,
    0.3172662877606232,
    0.312991731106096,
    0.3060273880538414,
    0.3004698739436528,
    0.2952042062571094,
    0.29087659349613637,
    0.2872518740768392,
    0.28408591983930825,
    0.2807512009346308,
    0.27823223853819945,
    0.2750767141643856,
    0.2721971806826865,
    0.27068905200168586,
    0.2689389216292436,
    0.2658750392385855,
    0.26454327741119765,
    0.2620219707552288,
    0.26104327726262894,
    0.25929796989935977,
    0.2573763874306041,
    0.2563792128598361,
    0.25425546453383824,
    0.25372036383536717,
    0.2529399198837847,
    0.25045066524589643,
    0.2503472549836853,
    0.24833198521294159,
    0.2465573937143743,
    0.24558018897749057,
    0.24512885251495742,
    0.2432423032140023,
    0.24262703800150795,
    0.2421633837835551,
    0.24133386353778233,
    0.2409731455606007,
    0.23913724353485552,
    0.2393526712357365,
    0.24025221194304733,
    0.2420755339719181,
    0.24356809660254516,
    0.2454636209266707,
    0.24641249706917254,
    0.24938953406871503,
    0.2511920519884984,
    0.2528828163245681,
    0.25348066707831785,
    0.25684040338750097,
    0.2581740328903664,
    0.2609332463923533,
    0.26300549753911934,
    0.26388252679962515,
    0.26639283143157916,
    0.26848602759989965,
    0.27070046477257065,
    0.2726533518918254,
    0.2760309539972597,
    0.28027672818891564,
    0.28159600056533857,
    0.2863103485727513,
    0.28754524984683705,
    0.28941233734542904,
    0.29457706092775754,
    0.2988172160528774,
    0.2990968939541758,
    0.3042895355422026,
    0.3086154935782629,
    0.3129554326999972,
    0.31691254343196845,
    0.3228547853395944,
    0.3272458717321894,
    0.3312084813406513,
    0.34027424087696523,
    0.343885369045213,
    0.3518446027726378,
    0.35905546797815147,
    0.3633622537879174,
    0.37547791890024884,
    0.38771068720807444,
    0.39304871569266997,
    0.40543266884080925,
    0.41646555502703236,
    0.42874755455683244,
    0.4409332441169998,
    0.4559483481946771,
    0.47523147601737087,
    0.4944953438835792
  ],
  "val_loss": [
    1.948214756455391,
    1.6649622347704165,
    1.6268093836535313,
    1.5281053343649376,
    1.6039028165193627,
    1.972343189448055,
    1.5800420840581257,
    1.3077125202571764,
    1.6460442682233838,
    1.3197647872244476,
    1.1726272923678096,
    1.382532835259812,
    1.5186018075659522,
    1.2914802147324678,
    1.171179778003895,
    1.1717789676791797,
    1.2747159862214592,
    1.184135805269715,
    1.2584770993821939,
    1.2994753605747424,
    1.165699689251602,
    1.2016604822405836,
    1.2090353393757167,
    1.129489562060929,
    1.1950876635604097,
    1.1984701548918544,
    1.1241973957438378,
    1.2469654356598094,
    1.2135278431979462,
    1.132437568814385,
    1.2317796168560182,
    1.0949983095667164,
    1.162952956626876,
    1.1914695159644837,
    1.1342865421007646,
    1.1272645577503617,
    1.1384398171603047,
    1.0848655293195364,
    1.108682946794352,
    1.1391621376298795,
    1.1042036459704114,
    1.239530173330044,
    1.1889125611118956,
    1.1409103504664833,
    1.118274483078351,
    1.191959062452782,
    1.0733052961639031,
    1.116106338435171,
    1.1666394956805397,
    1.096352484195855,
    1.1252348185091767,
    1.163602483500341,
    1.113796880796963,
    1.0907691747519621,
    1.1417120142094395,
    1.0440721225839764,
    1.1438960430475305,
    1.0857969705972448,
    1.17605832415275,
    1.0024986621427434,
    1.0820697303030902,
    1.0809122231608996,
    1.1026330390300467,
    1.1186801987342267,
    1.1130679590180674,
    1.0138666065382096,
    1.2271967926349356,
    1.2221471631855976,
    1.0607305174167496,
    1.094005658241847,
    1.0811423396102435,
    1.0567661420048675,
    1.1360865951596806,
    1.1314722845002598,
    1.0628928438366851,
    1.1053038917782454,
    1.1308048049861965,
    1.1546874515822991,
    1.119145327312931,
    1.1540973431998252,
    1.11407645151114,
    1.1034710870426931,
    1.1158947318222872,
    1.133769112787429,
    1.1563704302356501,
    1.1458772112103277,
    1.1243467987722653,
    1.1814015863301142,
    1.144835281270831,
    1.1710832427767939,
    1.1642218853511122,
    1.1798460896101222,
    1.1794394095232532,
    1.1965447385852757,
    1.1903735715619066,
    1.1871117449616677,
    1.1905696027597803,
    1.1855035590011855,
    1.1825349924417565,
    1.1840869642620127
  ]
}