{
  "pet": [
    0.3997781276702881,
    0.12239271402359009,
    -0.18455669283866882,
    -0.5621888041496277,
    -0.6070477366447449,
    -0.5064522624015808,
    -0.1806686818599701,
    0.020553112030029297,
    0.16804984211921692,
    0.4895114004611969,
    1.1630418300628662,
    NaN
  ],
  "pck": [
    0.7869477868080139,
    0.2832191288471222,
    -0.31738221645355225,
    -0.8078099489212036,
    -0.9864790439605713,
    -0.7196335792541504,
    -0.28496253490448,
    0.13254915177822113,
    0.5457196831703186,
    0.7637479305267334,
    0.7834188342094421,
    NaN
  ],
  "aet": [
    0.4477938711643219,
    -0.08698208630084991,
    -0.2950977385044098,
    -0.4277132451534271,
    -0.35674574971199036,
    -0.40770596265792847,
    -0.011758806183934212,
    0.1940230429172516,
    0.1034964844584465,
    -0.010308925062417984,
    -0.04203964024782181,
    NaN
  ],
  "cwd": [
    0.10738880932331085,
    0.16928409039974213,
    0.18033438920974731,
    -0.07727929949760437,
    -0.2977527678012848,
    0.2567158639431,
    -0.40282052755355835,
    -0.39582252502441406,
    -0.36253130435943604,
    -1.0810375213623047,
    -2.487856864929199,
    NaN
  ]
}