{
  "pet": [
    0.4585306942462921,
    0.15748563408851624,
    -0.17521707713603973,
    -0.6140336394309998,
    -0.6200956106185913,
    -0.5085569024085999,
    -0.24525439739227295,
    -0.009227471426129341,
    0.1637219786643982,
    0.47731173038482666,
    1.0799322128295898,
    NaN
  ],
  "pck": [
    0.8090784549713135,
    0.3004473149776459,
    -0.25163573026657104,
    -0.6857222318649292,
    -0.8850367665290833,
    -0.7785013914108276,
    -0.4689439535140991,
    -0.08617708832025528,
    0.348212331533432,
    0.772750198841095,
    0.8117183446884155,
    NaN
  ],
  "aet": [
    0.3328392803668976,
    -0.23239558935165405,
    -0.41795188188552856,
    -0.43606677651405334,
    -0.2267376184463501,
    -0.23537175357341766,
    0.25250211358070374,
    0.40640655159950256,
    0.09359502792358398,
    -0.1397850662469864,
    0.022866636514663696,
    NaN
  ],
  "cwd": [
    0.10675785690546036,
    0.16736730933189392,
    0.16655661165714264,
    -0.10346300154924393,
    -0.3106248080730438,
    0.2497921884059906,
    -0.36532947421073914,
    -0.3844115734100342,
    -0.3076294958591461,
    -0.9859700798988342,
    -2.5845725536346436,
    NaN
  ]
}