{
  "pet": [
    0.44696399569511414,
    0.1531088501214981,
    -0.1483766734600067,
    -0.5846288204193115,
    -0.6336584687232971,
    -0.5235089063644409,
    -0.25841382145881653,
    -0.03544425219297409,
    0.1401912271976471,
    0.47976869344711304,
    1.1951260566711426,
    NaN
  ],
  "pck": [
    0.6181433796882629,
    0.09441421180963516,
    -0.19410651922225952,
    -0.5531204342842102,
    -0.8299098014831543,
    -0.5398681163787842,
    -0.29634714126586914,
    -0.31769731640815735,
    0.333819180727005,
    1.0403763055801392,
    1.1470943689346313,
    NaN
  ],
  "aet": [
    0.3125518262386322,
    -0.2668929100036621,
    -0.5003138184547424,
    -0.49197226762771606,
    -0.10451480746269226,
    -0.04475301876664162,
    0.36305636167526245,
    0.37089550495147705,
    -0.058927763253450394,
    -0.2662508487701416,
    0.08000501245260239,
    NaN
  ],
  "cwd": [
    0.23375411331653595,
    0.27376309037208557,
    0.2770175635814667,
    -0.008715379051864147,
    -0.2898985743522644,
    0.05759092792868614,
    -0.5572407245635986,
    -0.6002914905548096,
    -0.581240713596344,
    -1.286172866821289,
    -2.5451793670654297,
    NaN
  ]
}