{
  "run_id": "v23b-dual-extreme0.20",
  "created": "2026-03-31T01:26:26",
  "git_tag": "v23b-dual-extreme0.20",
  "git_hash": "d26ff94",
  "notes": "v21b dual-backbone (4-layer sub RF=61mo, separate FVEG) + extreme_weight=0.20. Tests upper bound of extreme penalty in dual-backbone regime. Success = AET P95 bias < -13mm with AET pbias < 10% and PCK pbias < 12%.",
  "zarr_store": "/home/mmann1123/extra_space/bcm_emulator/data/bcm_dataset.zarr",
  "zarr_md5_meta": "ed20e202de3115491c840ab17efa2727",
  "training_summary": {
    "best_val_loss": 0.6326055531795364,
    "best_epoch": 75,
    "total_epochs": 100
  },
  "metrics_summary": {
    "pet": {
      "nse": 0.8496450185775757,
      "kge": 0.837791732586869,
      "rmse": 23.363529205322266,
      "pbias": 1.0799931287765503
    },
    "pck": {
      "nse": 0.9334100484848022,
      "kge": 0.8526235179161499,
      "rmse": 13.534157752990723,
      "pbias": 11.552716255187988
    },
    "aet": {
      "nse": 0.8477498292922974,
      "kge": 0.7971688894991674,
      "rmse": 11.753376960754395,
      "pbias": 17.105905532836914
    },
    "cwd": {
      "nse": 0.9147513508796692,
      "kge": 0.9123162185803259,
      "rmse": 16.990116119384766,
      "pbias": -5.024706840515137
    },
    "aet_p95": {
      "rmse": 21.443552017211914,
      "bias": -9.79832935333252,
      "n_samples": 289047,
      "exceedance_hit_rate": 0.7553546655042259
    },
    "aet_p99": {
      "rmse": 24.054439544677734,
      "bias": -17.355653762817383,
      "n_samples": 57813,
      "exceedance_hit_rate": 0.5715150571670732
    },
    "cwd_p95": {
      "rmse": 9.608043670654297,
      "bias": -4.19885778427124,
      "n_samples": 289066,
      "exceedance_hit_rate": 0.7856198930348086
    },
    "cwd_p99": {
      "rmse": 6.944364547729492,
      "bias": -4.266059398651123,
      "n_samples": 57812,
      "exceedance_hit_rate": 0.6710025600221408
    },
    "cwd_identity_mae": NaN
  }
}