{
  "pet": [
    0.2336030751466751,
    0.019614843651652336,
    -0.19487574696540833,
    -0.514615535736084,
    -0.4756442606449127,
    -0.3085358738899231,
    -0.06886054575443268,
    0.13419505953788757,
    0.2278081476688385,
    0.36337152123451233,
    0.6831032633781433,
    NaN
  ],
  "pck": [
    0.2885274291038513,
    -0.08701252192258835,
    0.16900604963302612,
    -0.07683352380990982,
    -0.9836010336875916,
    -0.46873465180397034,
    -0.17509886622428894,
    -0.5252310037612915,
    -0.05663761496543884,
    1.196027398109436,
    1.2418287992477417,
    NaN
  ],
  "aet": [
    0.40311387181282043,
    -0.05659928545355797,
    -0.19391471147537231,
    -0.3374401330947876,
    -0.3086707592010498,
    -0.5072165131568909,
    -0.05741925910115242,
    0.12260399758815765,
    -0.027871152386069298,
    -0.08914202451705933,
    -0.16093489527702332,
    NaN
  ],
  "cwd": [
    0.30942991375923157,
    0.39685767889022827,
    0.40666642785072327,
    0.08874966204166412,
    -0.3204185366630554,
    -0.012233482673764229,
    -0.8449475169181824,
    -0.8743128180503845,
    -0.792015790939331,
    -1.311710238456726,
    -2.7045140266418457,
    NaN
  ]
}