{
  "run_id": "v8-soil-physics",
  "created": "2026-03-18T00:43:25",
  "git_tag": "v8-soil-physics",
  "git_hash": "560cc65",
  "notes": "v5 base + soil_depth, aridity_index, FC, WP, SOM; AWC removed; 14 static channels",
  "zarr_store": "/home/mmann1123/extra_space/bcm_emulator/data/bcm_dataset.zarr",
  "zarr_md5_meta": "9e57b5803c2d17874e5cc5ebc25165b1",
  "training_summary": {
    "best_val_loss": 0.25758802748409804,
    "best_epoch": 71,
    "total_epochs": 100
  },
  "metrics_summary": {
    "pet": {
      "nse": 0.9137150049209595,
      "kge": 0.9301858930886785,
      "rmse": 17.698938369750977,
      "pbias": -0.34132057428359985
    },
    "pck": {
      "nse": 0.9350255131721497,
      "kge": 0.9229275313037582,
      "rmse": 13.368980407714844,
      "pbias": 4.161799430847168
    },
    "aet": {
      "nse": 0.8506595492362976,
      "kge": 0.7913157118355865,
      "rmse": 11.640522956848145,
      "pbias": 12.716192245483398
    },
    "cwd": {
      "nse": 0.8935704827308655,
      "kge": 0.9197240453147608,
      "rmse": 18.983821868896484,
      "pbias": -4.437343597412109
    },
    "aet_p95": {
      "rmse": 24.5777587890625,
      "bias": -15.945389747619629,
      "n_samples": 289047,
      "exceedance_hit_rate": 0.7547111715395766
    },
    "aet_p99": {
      "rmse": 29.754547119140625,
      "bias": -24.272558212280273,
      "n_samples": 57813,
      "exceedance_hit_rate": 0.5610329856606645
    },
    "cwd_p95": {
      "rmse": 9.129676818847656,
      "bias": -2.4713850021362305,
      "n_samples": 289066,
      "exceedance_hit_rate": 0.7830564646136177
    },
    "cwd_p99": {
      "rmse": 6.081017971038818,
      "bias": -2.458190441131592,
      "n_samples": 57812,
      "exceedance_hit_rate": 0.6724901404552688
    },
    "cwd_identity_mae": NaN
  }
}