{
  "pet": [
    0.17490284144878387,
    -0.050460267812013626,
    -0.14204318821430206,
    -0.44306379556655884,
    -0.4416448175907135,
    -0.2567921578884125,
    0.007089307531714439,
    0.16785603761672974,
    0.20942744612693787,
    0.14599747955799103,
    0.4086887836456299,
    NaN
  ],
  "pck": [
    0.7615464329719543,
    0.20797795057296753,
    -0.3151811361312866,
    -0.5682610273361206,
    -0.6347558498382568,
    -0.5610587000846863,
    -0.4432280957698822,
    -0.2146831452846527,
    0.138177290558815,
    0.4825032651424408,
    0.43090611696243286,
    NaN
  ],
  "aet": [
    0.5115566253662109,
    -0.03291769325733185,
    -0.16569222509860992,
    -0.21989355981349945,
    -0.39906397461891174,
    -0.5969719290733337,
    -0.22907742857933044,
    -0.01957808807492256,
    -0.04102960228919983,
    -0.07967466115951538,
    -0.1661510318517685,
    NaN
  ],
  "cwd": [
    0.3262263238430023,
    0.4330664277076721,
    0.38165587186813354,
    0.0930805653333664,
    -0.34453898668289185,
    0.012108230963349342,
    -0.8154661655426025,
    -0.9297403693199158,
    -0.8349191546440125,
    -1.4304693937301636,
    -2.597588539123535,
    NaN
  ]
}