{
  "pet": {
    "nse": 0.9269312620162964,
    "kge": 0.9531418098805852,
    "rmse": 16.287160873413086,
    "pbias": -1.063778281211853
  },
  "pck": {
    "nse": 0.9320604801177979,
    "kge": 0.8865800115628271,
    "rmse": 13.67061996459961,
    "pbias": 8.160150527954102
  },
  "aet": {
    "nse": 0.8102762699127197,
    "kge": 0.7379225124980108,
    "rmse": 13.120325088500977,
    "pbias": 10.284844398498535
  },
  "cwd": {
    "nse": 0.887690544128418,
    "kge": 0.9020637801035738,
    "rmse": 19.501174926757812,
    "pbias": -4.423137664794922
  },
  "aet_p95": {
    "rmse": 31.26795196533203,
    "bias": -26.304929733276367,
    "n_samples": 289047,
    "exceedance_hit_rate": 0.72722429224313
  },
  "aet_p99": {
    "rmse": 39.999778747558594,
    "bias": -37.27729034423828,
    "n_samples": 57813,
    "exceedance_hit_rate": 0.5726047774721948
  },
  "cwd_p95": {
    "rmse": 13.723356246948242,
    "bias": -4.091200828552246,
    "n_samples": 289066,
    "exceedance_hit_rate": 0.7577404468183737
  },
  "cwd_p99": {
    "rmse": 9.47138500213623,
    "bias": -2.330353021621704,
    "n_samples": 57812,
    "exceedance_hit_rate": 0.6663668442537881
  },
  "cwd_identity_mae": NaN
}