{
  "pet": [
    0.4167484939098358,
    0.137716606259346,
    -0.17194604873657227,
    -0.5632328987121582,
    -0.6297945380210876,
    -0.520466685295105,
    -0.2230331003665924,
    0.006865152157843113,
    0.16687746345996857,
    0.47980156540870667,
    1.2508100271224976,
    NaN
  ],
  "pck": [
    0.7786238789558411,
    0.2478286623954773,
    -0.221893310546875,
    -0.5662403106689453,
    -0.7716200947761536,
    -0.707768440246582,
    -0.5170906186103821,
    -0.24838027358055115,
    0.2431444227695465,
    0.6663433909416199,
    0.6486170291900635,
    NaN
  ],
  "aet": [
    0.3605418801307678,
    -0.13434624671936035,
    -0.27354511618614197,
    -0.39112991094589233,
    -0.27772247791290283,
    -0.3706289827823639,
    0.04707200080156326,
    0.2158597707748413,
    0.07878991961479187,
    -0.08207341283559799,
    -0.034743327647447586,
    NaN
  ],
  "cwd": [
    0.10070446878671646,
    0.16848209500312805,
    0.2549278438091278,
    -0.04021374508738518,
    -0.3121167719364166,
    0.22272846102714539,
    -0.4886504113674164,
    -0.4450182616710663,
    -0.37524375319480896,
    -1.085188388824463,
    -2.397331714630127,
    NaN
  ]
}