{
  "pet": [
    0.17126639187335968,
    0.0026518222875893116,
    -0.19524559378623962,
    -0.4648153483867645,
    -0.452724814414978,
    -0.2602146565914154,
    -0.013412635773420334,
    0.17432436347007751,
    0.25441470742225647,
    0.20608751475811005,
    0.4899924099445343,
    NaN
  ],
  "pck": [
    0.7691918015480042,
    0.20435656607151031,
    -0.2914905548095703,
    -0.5818101763725281,
    -0.6599994897842407,
    -0.5697407126426697,
    -0.4436473548412323,
    -0.26036906242370605,
    0.12986618280410767,
    0.5531250834465027,
    0.5755268931388855,
    NaN
  ],
  "aet": [
    0.6077472567558289,
    0.10322204977273941,
    -0.17185553908348083,
    -0.4085117280483246,
    -0.4826866388320923,
    -0.6346622109413147,
    -0.3838197886943817,
    -0.03589124232530594,
    0.06831754744052887,
    0.10194516181945801,
    -0.06204589828848839,
    NaN
  ],
  "cwd": [
    0.21899200975894928,
    0.3324340581893921,
    0.3622009754180908,
    0.03565465658903122,
    -0.3139236271381378,
    0.10974260419607162,
    -0.6997410655021667,
    -0.7846173644065857,
    -0.6925308704376221,
    -1.3136839866638184,
    -2.39715313911438,
    NaN
  ]
}