{
  "pet": {
    "nse": 0.9275034666061401,
    "kge": 0.946899125845816,
    "rmse": 16.223257064819336,
    "pbias": -0.7256052494049072
  },
  "pck": {
    "nse": 0.9451888799667358,
    "kge": 0.8829526301978365,
    "rmse": 12.278949737548828,
    "pbias": 9.375802993774414
  },
  "aet": {
    "nse": 0.831299901008606,
    "kge": 0.7519842155989132,
    "rmse": 12.372045516967773,
    "pbias": 6.520748615264893
  },
  "cwd": {
    "nse": 0.902442991733551,
    "kge": 0.9276664835114656,
    "rmse": 18.17531394958496,
    "pbias": -2.380896806716919
  },
  "cwd_identity_mae": NaN
}