{
  "pet": [
    0.3638012111186981,
    0.11188887059688568,
    -0.1663898229598999,
    -0.5573276281356812,
    -0.6008304357528687,
    -0.47053369879722595,
    -0.18007202446460724,
    0.04539389908313751,
    0.1961377114057541,
    0.44653937220573425,
    1.1017342805862427,
    NaN
  ],
  "pck": [
    0.7669021487236023,
    0.24982912838459015,
    -0.20877018570899963,
    -0.5953700542449951,
    -0.8067456483840942,
    -0.6823168396949768,
    -0.4545285701751709,
    -0.24429497122764587,
    0.2278928905725479,
    0.6765881776809692,
    0.6617664098739624,
    NaN
  ],
  "aet": [
    0.5883046984672546,
    0.030495954677462578,
    -0.3733789324760437,
    -0.6231959462165833,
    -0.49191930890083313,
    -0.4304178059101105,
    -0.10277681797742844,
    0.21411022543907166,
    0.26975029706954956,
    0.20347094535827637,
    0.03685742989182472,
    NaN
  ],
  "cwd": [
    0.14437778294086456,
    0.1512375771999359,
    0.15804257988929749,
    -0.15212292969226837,
    -0.35412949323654175,
    0.1809932142496109,
    -0.36315542459487915,
    -0.29731228947639465,
    -0.28043225407600403,
    -1.0000815391540527,
    -2.066497564315796,
    NaN
  ]
}