{
  "pet": {
    "nse": 0.8875463604927063,
    "kge": 0.8774472219204782,
    "rmse": 20.20534324645996,
    "pbias": -2.0245378017425537
  },
  "pck": {
    "nse": 0.9215168356895447,
    "kge": 0.8144382965477076,
    "rmse": 14.693157196044922,
    "pbias": 14.457610130310059
  },
  "aet": {
    "nse": 0.8449053764343262,
    "kge": 0.7936935071430703,
    "rmse": 11.862662315368652,
    "pbias": 3.6674718856811523
  },
  "cwd": {
    "nse": 0.9233970642089844,
    "kge": 0.9246512896091061,
    "rmse": 16.105541229248047,
    "pbias": -2.8999221324920654
  },
  "aet_p95": {
    "rmse": 28.347122192382812,
    "bias": -21.244321823120117,
    "n_samples": 289047,
    "exceedance_hit_rate": 0.7576138136704411
  },
  "aet_p99": {
    "rmse": 34.83675765991211,
    "bias": -30.381906509399414,
    "n_samples": 57813,
    "exceedance_hit_rate": 0.5574524760866933
  },
  "cwd_p95": {
    "rmse": 9.463105201721191,
    "bias": -3.307030439376831,
    "n_samples": 289066,
    "exceedance_hit_rate": 0.7684473442051296
  },
  "cwd_p99": {
    "rmse": 6.035696506500244,
    "bias": -2.9914376735687256,
    "n_samples": 57812,
    "exceedance_hit_rate": 0.6525807790770083
  },
  "cwd_identity_mae": NaN
}