{
  "pet": [
    0.2949483096599579,
    0.07105917483568192,
    -0.18775376677513123,
    -0.5347462296485901,
    -0.5589379072189331,
    -0.3996225893497467,
    -0.07813563942909241,
    0.09276425838470459,
    0.21069306135177612,
    0.4265880882740021,
    0.85739666223526,
    NaN
  ],
  "pck": [
    0.6976059675216675,
    0.30664393305778503,
    -0.21031217277050018,
    -0.6922916173934937,
    -1.0028234720230103,
    -0.85829097032547,
    -0.4656209647655487,
    0.01632426306605339,
    0.5729735493659973,
    1.1218593120574951,
    1.1607162952423096,
    NaN
  ],
  "aet": [
    0.5125533938407898,
    -0.05410220846533775,
    -0.3666538894176483,
    -0.5313145518302917,
    -0.397310733795166,
    -0.4097759425640106,
    -0.05951258912682533,
    0.23256957530975342,
    0.24638161063194275,
    0.16084210574626923,
    -0.0003767969028558582,
    NaN
  ],
  "cwd": [
    0.2279043197631836,
    0.3023742139339447,
    0.2923530638217926,
    -0.00862189568579197,
    -0.31561774015426636,
    0.12530359625816345,
    -0.5704448223114014,
    -0.6635465621948242,
    -0.6944708228111267,
    -1.2357701063156128,
    -2.574026346206665,
    NaN
  ]
}