{
  "run_id": "v18-uniform-extreme",
  "created": "2026-03-24T20:53:45",
  "git_tag": "v18-uniform-extreme",
  "git_hash": "a1eede8",
  "notes": "Uniform base weights (aet=1.0, cwd=1.0) + extreme_weight=0.05. Tests whether extreme penalty alone maintains tail performance without any AET upweighting.",
  "zarr_store": "/home/mmann1123/extra_space/bcm_emulator/data/bcm_dataset.zarr",
  "zarr_md5_meta": "ed20e202de3115491c840ab17efa2727",
  "training_summary": {
    "best_val_loss": 0.3622429597403087,
    "best_epoch": 70,
    "total_epochs": 100
  },
  "metrics_summary": {
    "pet": {
      "nse": 0.9070412516593933,
      "kge": 0.9036223440211695,
      "rmse": 18.370656967163086,
      "pbias": -1.0376821756362915
    },
    "pck": {
      "nse": 0.9410789608955383,
      "kge": 0.9049768298853739,
      "rmse": 12.730988502502441,
      "pbias": 6.753992557525635
    },
    "aet": {
      "nse": 0.8452572822570801,
      "kge": 0.7890140271852211,
      "rmse": 11.849196434020996,
      "pbias": 8.899112701416016
    },
    "cwd": {
      "nse": 0.9161846041679382,
      "kge": 0.9196074312472681,
      "rmse": 16.84668731689453,
      "pbias": -3.8509650230407715
    },
    "aet_p95": {
      "rmse": 27.287771224975586,
      "bias": -19.623497009277344,
      "n_samples": 289047,
      "exceedance_hit_rate": 0.7499887561538435
    },
    "aet_p99": {
      "rmse": 33.777000427246094,
      "bias": -29.002220153808594,
      "n_samples": 57813,
      "exceedance_hit_rate": 0.5745593551623337
    },
    "cwd_p95": {
      "rmse": 9.89271068572998,
      "bias": -3.682837963104248,
      "n_samples": 289066,
      "exceedance_hit_rate": 0.7647734427431797
    },
    "cwd_p99": {
      "rmse": 6.892952919006348,
      "bias": -3.676636219024658,
      "n_samples": 57812,
      "exceedance_hit_rate": 0.6522521275859683
    },
    "cwd_identity_mae": NaN
  }
}