{
  "pet": [
    0.4178490936756134,
    0.12792128324508667,
    -0.1923908293247223,
    -0.5949113368988037,
    -0.621852457523346,
    -0.4906083047389984,
    -0.17245836555957794,
    0.06067642942070961,
    0.23143187165260315,
    0.4530356526374817,
    0.9310914874076843,
    NaN
  ],
  "pck": [
    0.7807167172431946,
    0.27477288246154785,
    -0.25619807839393616,
    -0.6835183501243591,
    -0.9065582156181335,
    -0.7513619661331177,
    -0.43172088265419006,
    -0.1060275062918663,
    0.34626534581184387,
    0.9076356887817383,
    1.0210458040237427,
    NaN
  ],
  "aet": [
    0.449881911277771,
    -0.11763620376586914,
    -0.37752220034599304,
    -0.4871266484260559,
    -0.31756776571273804,
    -0.4234115183353424,
    -0.054904304444789886,
    0.29472556710243225,
    0.3148062825202942,
    0.22556237876415253,
    -0.01410736609250307,
    NaN
  ],
  "cwd": [
    0.16392135620117188,
    0.20686522126197815,
    0.19325385987758636,
    -0.09905853867530823,
    -0.3450922667980194,
    0.1714468002319336,
    -0.44124937057495117,
    -0.4443230628967285,
    -0.39813777804374695,
    -1.070982575416565,
    -2.111720561981201,
    NaN
  ]
}