{
  "train_loss": [
    0.18628591324366836,
    0.18759005220958888,
    0.18878971831180993,
    0.18944037077659762,
    0.19033850432075006,
    0.1919814436805223,
    0.19227017753316591,
    0.1935151061814302,
    0.1953070309891063,
    0.19686521608738383,
    0.19818944675401012,
    0.19957371049752406,
    0.20186172122028984,
    0.20283183787658715,
    0.20454122303271244,
    0.20840658560679975,
    0.21001123220930687,
    0.2119498136127071,
    0.2134015420313347,
    0.21731238557528032,
    0.22017141224345838,
    0.22257995972461256,
    0.22590665990633063,
    0.23080034076281666,
    0.23546024897549056,
    0.2413762068482721,
    0.2455833726691086,
    0.25039332374266,
    0.25926014176726087,
    0.27007139785780776
  ],
  "val_loss": [
    0.5900209514451887,
    0.6102999212129354,
    0.6054492154951562,
    0.5953196278296712,
    0.6113765438397726,
    0.5803832139685402,
    0.5919573255152206,
    0.6003448320295653,
    0.5836759184323046,
    0.5833476393339234,
    0.61082799267617,
    0.5967504063229652,
    0.5945113398719998,
    0.5935553446443724,
    0.5962101617183402,
    0.6029601889304548,
    0.5937837624246147,
    0.5970423678430529,
    0.602667524176798,
    0.5961644390079879,
    0.6038681574940935,
    0.6041692809187935,
    0.5966934856588927,
    0.6021863158847622,
    0.600367370304788,
    0.5989393769049594,
    0.5981369338724011,
    0.6001499266128378,
    0.5986513868765213,
    0.598020489048806
  ]
}