{
  "pet": [
    0.18175680935382843,
    -0.010337019339203835,
    -0.18388095498085022,
    -0.4761000871658325,
    -0.44756120443344116,
    -0.26086580753326416,
    -0.01668376848101616,
    0.1694232076406479,
    0.24212771654129028,
    0.19462041556835175,
    0.5559992790222168,
    NaN
  ],
  "pck": [
    0.7184264659881592,
    0.2230064570903778,
    -0.23322054743766785,
    -0.6758033633232117,
    -0.9656931161880493,
    -0.7910758852958679,
    -0.386828750371933,
    -0.05705573782324791,
    0.3777863383293152,
    1.229622721672058,
    1.4487248659133911,
    NaN
  ],
  "aet": [
    0.6512343883514404,
    0.143574059009552,
    -0.18647779524326324,
    -0.4660482406616211,
    -0.5586307048797607,
    -0.6436654925346375,
    -0.37364816665649414,
    -0.02014613337814808,
    0.09857495129108429,
    0.12357093393802643,
    -0.01426592469215393,
    NaN
  ],
  "cwd": [
    0.21113653481006622,
    0.2823578119277954,
    0.33535996079444885,
    -0.003225023625418544,
    -0.27183419466018677,
    0.1452006995677948,
    -0.6627912521362305,
    -0.6983362436294556,
    -0.5883227586746216,
    -1.355015516281128,
    -2.5245838165283203,
    NaN
  ]
}