{
  "pet": [
    0.18036580085754395,
    0.006613465957343578,
    -0.17098481953144073,
    -0.461663156747818,
    -0.4818539023399353,
    -0.2894521653652191,
    -0.022469529882073402,
    0.13447099924087524,
    0.2296011596918106,
    0.252291738986969,
    0.6727768778800964,
    NaN
  ],
  "pck": [
    0.7512794733047485,
    0.24559585750102997,
    -0.1923055499792099,
    -0.692730188369751,
    -1.0190038681030273,
    -0.7642645239830017,
    -0.29192057251930237,
    -0.021038828417658806,
    0.33528822660446167,
    0.9191675186157227,
    0.9707309603691101,
    NaN
  ],
  "aet": [
    0.5675548911094666,
    0.022923855111002922,
    -0.2685305178165436,
    -0.45802798867225647,
    -0.46054768562316895,
    -0.5429995059967041,
    -0.20756614208221436,
    0.11778716742992401,
    0.15671762824058533,
    0.11119813472032547,
    -0.03537990152835846,
    NaN
  ],
  "cwd": [
    0.29228711128234863,
    0.3697067201137543,
    0.3550121784210205,
    0.05863862484693527,
    -0.3055227994918823,
    0.06315048038959503,
    -0.7396549582481384,
    -0.8380227088928223,
    -0.7619866728782654,
    -1.4137728214263916,
    -2.6528160572052,
    NaN
  ]
}