{
  "pet": [
    0.3877532184123993,
    0.12284284830093384,
    -0.1799895465373993,
    -0.5988609194755554,
    -0.5897790789604187,
    -0.4564037024974823,
    -0.20788130164146423,
    0.028090104460716248,
    0.19355860352516174,
    0.47733157873153687,
    1.175662636756897,
    NaN
  ],
  "pck": [
    0.7645581960678101,
    0.24234765768051147,
    -0.30016398429870605,
    -0.7264592051506042,
    -0.9224278926849365,
    -0.7198241949081421,
    -0.3597753942012787,
    -0.04313310235738754,
    0.5297964811325073,
    0.9501262307167053,
    0.9372392892837524,
    NaN
  ],
  "aet": [
    0.45849737524986267,
    -0.019458267837762833,
    -0.2857949435710907,
    -0.5000325441360474,
    -0.3774411678314209,
    -0.41862690448760986,
    -0.007020736113190651,
    0.19266334176063538,
    0.08004529029130936,
    -0.0188851710408926,
    -0.060538824647665024,
    NaN
  ],
  "cwd": [
    0.12888295948505402,
    0.22334684431552887,
    0.26821139454841614,
    -0.030973268672823906,
    -0.3014744818210602,
    0.1844426989555359,
    -0.5570369362831116,
    -0.5119911432266235,
    -0.4303426444530487,
    -1.1502336263656616,
    -2.3889877796173096,
    NaN
  ]
}