{
  "pet": {
    "nse": 0.8838211297988892,
    "kge": 0.8786806089231736,
    "rmse": 20.537290573120117,
    "pbias": -0.945297360420227
  },
  "pck": {
    "nse": 0.9296309947967529,
    "kge": 0.8422059267352067,
    "rmse": 13.912900924682617,
    "pbias": 11.704325675964355
  },
  "aet": {
    "nse": 0.8564568161964417,
    "kge": 0.8029250136373832,
    "rmse": 11.412349700927734,
    "pbias": 8.943742752075195
  },
  "cwd": {
    "nse": 0.926076352596283,
    "kge": 0.919050517241328,
    "rmse": 15.821381568908691,
    "pbias": -3.864229440689087
  },
  "aet_p95": {
    "rmse": 25.13551139831543,
    "bias": -17.948789596557617,
    "n_samples": 289047,
    "exceedance_hit_rate": 0.7617965244406619
  },
  "aet_p99": {
    "rmse": 30.075393676757812,
    "bias": -25.74671745300293,
    "n_samples": 57813,
    "exceedance_hit_rate": 0.595229446664245
  },
  "cwd_p95": {
    "rmse": 9.450432777404785,
    "bias": -4.288050174713135,
    "n_samples": 289066,
    "exceedance_hit_rate": 0.7809600575647084
  },
  "cwd_p99": {
    "rmse": 6.833219051361084,
    "bias": -4.162107944488525,
    "n_samples": 57812,
    "exceedance_hit_rate": 0.6822631979519823
  },
  "cwd_identity_mae": NaN
}