{
  "pet": [
    0.39513131976127625,
    0.11888003349304199,
    -0.1820107251405716,
    -0.5676325559616089,
    -0.6002812385559082,
    -0.474327951669693,
    -0.20312929153442383,
    0.015447492711246014,
    0.17259511351585388,
    0.43820178508758545,
    1.2515158653259277,
    NaN
  ],
  "pck": [
    0.6912940740585327,
    0.152628093957901,
    -0.21854044497013092,
    -0.5057136416435242,
    -0.7688940167427063,
    -0.7157081961631775,
    -0.4881206750869751,
    -0.19454769790172577,
    0.4122619926929474,
    0.8391076326370239,
    0.8623586893081665,
    NaN
  ],
  "aet": [
    0.5233891010284424,
    -0.01644234172999859,
    -0.25538793206214905,
    -0.42560186982154846,
    -0.4348747730255127,
    -0.46663764119148254,
    -0.09379564970731735,
    0.10723919421434402,
    0.042421262711286545,
    -0.029899831861257553,
    -0.07304413616657257,
    NaN
  ],
  "cwd": [
    0.04609609767794609,
    0.12921924889087677,
    0.19194334745407104,
    -0.13361838459968567,
    -0.2951919138431549,
    0.2934381365776062,
    -0.3775557577610016,
    -0.32924923300743103,
    -0.2339455485343933,
    -1.0544679164886475,
    -2.1365299224853516,
    NaN
  ]
}