{
  "pet": [
    0.4212249517440796,
    0.14121805131435394,
    -0.17879487574100494,
    -0.5630332827568054,
    -0.607907235622406,
    -0.4933016300201416,
    -0.2582987844944,
    -0.013298862613737583,
    0.1842072606086731,
    0.4809989631175995,
    1.11299467086792,
    NaN
  ],
  "pck": [
    0.7565188407897949,
    0.2534845173358917,
    -0.16867634654045105,
    -0.6049062013626099,
    -0.9474337697029114,
    -0.7955563068389893,
    -0.403841108083725,
    -0.1158544272184372,
    0.3430134952068329,
    0.7719864249229431,
    0.815768837928772,
    NaN
  ],
  "aet": [
    0.5413668155670166,
    -0.10648849606513977,
    -0.4686638116836548,
    -0.5933995842933655,
    -0.4031994640827179,
    -0.2921295762062073,
    0.031350743025541306,
    0.2954053580760956,
    0.2961316704750061,
    0.192292258143425,
    0.03883981704711914,
    NaN
  ],
  "cwd": [
    0.15652917325496674,
    0.19215954840183258,
    0.14714163541793823,
    -0.1726059466600418,
    -0.3592797815799713,
    0.18406803905963898,
    -0.39080846309661865,
    -0.33927544951438904,
    -0.32741057872772217,
    -0.9599934816360474,
    -1.96293044090271,
    NaN
  ]
}