{
  "pet": {
    "nse": 0.8658996820449829,
    "kge": 0.860324810409973,
    "rmse": 22.064516067504883,
    "pbias": -1.3404600620269775
  },
  "pck": {
    "nse": 0.9208866357803345,
    "kge": 0.8056867647829327,
    "rmse": 14.752033233642578,
    "pbias": 13.595992088317871
  },
  "aet": {
    "nse": 0.8540124297142029,
    "kge": 0.8306966425413023,
    "rmse": 11.509109497070312,
    "pbias": 4.312659740447998
  },
  "cwd": {
    "nse": 0.913899838924408,
    "kge": 0.9301931514052858,
    "rmse": 17.07476234436035,
    "pbias": -2.3672850131988525
  },
  "aet_p95": {
    "rmse": 26.632518768310547,
    "bias": -17.92061424255371,
    "n_samples": 289047,
    "exceedance_hit_rate": 0.7419831376904102
  },
  "aet_p99": {
    "rmse": 31.907670974731445,
    "bias": -26.445873260498047,
    "n_samples": 57813,
    "exceedance_hit_rate": 0.5416947745316797
  },
  "cwd_p95": {
    "rmse": 9.03244400024414,
    "bias": -1.9936349391937256,
    "n_samples": 289066,
    "exceedance_hit_rate": 0.7857271349795548
  },
  "cwd_p99": {
    "rmse": 6.166638374328613,
    "bias": -2.090015411376953,
    "n_samples": 57812,
    "exceedance_hit_rate": 0.6436898913720335
  },
  "cwd_identity_mae": NaN
}