{
  "pet": [
    0.4173929989337921,
    0.1510263830423355,
    -0.18977266550064087,
    -0.590597927570343,
    -0.6005503535270691,
    -0.5216549634933472,
    -0.2195984423160553,
    0.009171631187200546,
    0.18099737167358398,
    0.4849640727043152,
    1.213318943977356,
    NaN
  ],
  "pck": [
    0.7587653994560242,
    0.2522970736026764,
    -0.2103005200624466,
    -0.592404842376709,
    -0.844978392124176,
    -0.7176017761230469,
    -0.49239832162857056,
    -0.25216901302337646,
    0.24032965302467346,
    0.9025616645812988,
    0.9275686144828796,
    NaN
  ],
  "aet": [
    0.26979586482048035,
    -0.15807528793811798,
    -0.23342274129390717,
    -0.3522757589817047,
    -0.20621277391910553,
    -0.3355400860309601,
    0.13768169283866882,
    0.20765452086925507,
    -0.06248145550489426,
    -0.18103471398353577,
    0.019227122887969017,
    NaN
  ],
  "cwd": [
    0.07927804440259933,
    0.19026631116867065,
    0.21491746604442596,
    -0.025112608447670937,
    -0.276671439409256,
    0.23688200116157532,
    -0.4674285352230072,
    -0.43002310395240784,
    -0.3493615388870239,
    -1.1276097297668457,
    -2.6321306228637695,
    NaN
  ]
}