{
  "pet": [
    0.09502550214529037,
    -0.022219432517886162,
    -0.15477719902992249,
    -0.3817116320133209,
    -0.3436659872531891,
    -0.15270982682704926,
    0.0012433694209903479,
    0.11552552133798599,
    0.11899727582931519,
    -0.005398413632065058,
    0.13100826740264893,
    NaN
  ],
  "pck": [
    0.784415602684021,
    0.3009916841983795,
    -0.2602480351924896,
    -0.766751766204834,
    -1.0658835172653198,
    -0.8536213636398315,
    -0.34257563948631287,
    0.08486904203891754,
    0.6182999014854431,
    0.9690605998039246,
    1.0010517835617065,
    NaN
  ],
  "aet": [
    0.6889142990112305,
    0.17605088651180267,
    -0.21076028048992157,
    -0.5123767852783203,
    -0.5862317085266113,
    -0.664160430431366,
    -0.4348949193954468,
    -0.029795927926898003,
    0.15703409910202026,
    0.2394019216299057,
    0.08962851017713547,
    NaN
  ],
  "cwd": [
    0.3693661689758301,
    0.4195210635662079,
    0.3643541634082794,
    0.010039444081485271,
    -0.31685325503349304,
    -0.09519581496715546,
    -0.8083963394165039,
    -0.8856545090675354,
    -0.8392663598060608,
    -1.3420599699020386,
    -2.0420749187469482,
    NaN
  ]
}