{
  "train_loss": [
    2.8009447182218232,
    1.0941257687906425,
    0.648530283321937,
    0.5854314664999644,
    0.5391389063249031,
    0.5408873744308949,
    0.5182838073621193,
    0.4941506472726663,
    0.4906349914769332,
    0.4813742494831483,
    0.47387627388040227,
    0.4753938280045986,
    0.47804523321489495,
    0.46673952229321003,
    0.4680406643698613,
    0.4659018764893214,
    0.4644415018459161,
    0.46137825089196366,
    0.4606124473114808,
    0.4562057287742694,
    0.45330612920224667,
    0.45725645621617633,
    0.4553021701673667,
    0.453179482370615,
    0.4558401008447011,
    0.449477377658089,
    0.45169420043627423,
    0.44962234733005363,
    0.45161006040871143,
    0.4519553252806266,
    0.4503730920453866,
    0.4487038521716992,
    0.44708691847821075,
    0.44376973435282707,
    0.4475073280433814,
    0.44647224992513657,
    0.44406071739892167,
    0.4437323485811551,
    0.446625417098403,
    0.4423443314929803,
    0.44150693031648797,
    0.4409595013906558,
    0.44161703685919446,
    0.44140591224034625,
    0.44038164305190247,
    0.44892062929769355,
    0.43865177780389786,
    0.4379284369448821,
    0.4387434609234333,
    0.43718679745992023,
    0.4451321599384149,
    0.4395552712182204,
    0.4432472338279088,
    0.4522551043579976,
    0.44608521461486816,
    0.43822898839910823,
    0.44548434764146805,
    0.44300451936821145,
    0.44587942957878113,
    0.4450994630654653,
    0.4443163834512234,
    0.447356794650356,
    0.4452875033020973,
    0.45852421037852764,
    0.4561696518212557,
    0.4505442666510741,
    0.4487944506108761,
    0.4524207040667534,
    0.4621753351142009,
    0.4586705615123113,
    0.46242648735642433,
    0.46116944154103595,
    0.46616837692757446,
    0.4599333852529526,
    0.4632312171161175,
    0.4559839678307374,
    0.4583913466582696,
    0.46452375998099643,
    0.46054565409819287,
    0.4662195009489854,
    0.4689534120261669,
    0.46436629568537074,
    0.4740964751690626,
    0.47325547101596993,
    0.4737720663348834,
    0.47653687124451,
    0.48107519932091236,
    0.48654524733622867,
    0.4766845100869735,
    0.486999220525225,
    0.48569911780456704,
    0.49446659286816913,
    0.4853165162106355,
    0.49267626988391083,
    0.49746009583274525,
    0.5024288420875868,
    0.5084369493027528,
    0.5087237233916918,
    0.5151521706332763,
    0.5333931725472212
  ],
  "val_loss": [
    2.071798726916313,
    1.1777773052453995,
    1.0706858535607655,
    0.9369480448464552,
    0.8464914237459501,
    0.9008855111896992,
    0.8089024052023888,
    0.7562664113938808,
    0.7772237583994865,
    0.7869846945007642,
    0.7571380659937859,
    0.7476188751558462,
    0.7202593497931957,
    0.736328512430191,
    0.7206827650467554,
    0.7382099069654942,
    0.7254559944073359,
    0.7335448811451594,
    0.7073040182391802,
    0.7376386585334936,
    0.717498937000831,
    0.7226089797914028,
    0.7508737246195475,
    0.7658568111558756,
    0.7192905296881994,
    0.7129517371455828,
    0.7221897517641386,
    0.7606255325178305,
    0.7202212053040663,
    0.7215566473702589,
    0.7247175400455793,
    0.7297635438541571,
    0.712881742666165,
    0.7119702870647112,
    0.7536638068656126,
    0.7177159922818342,
    0.7163014908631643,
    0.7277998377879461,
    0.706993330270052,
    0.7078683587412039,
    0.7500851737956206,
    0.748214398821195,
    0.7075652293860912,
    0.7121487818658352,
    0.7191755349437395,
    0.7308211202422777,
    0.7091646132369837,
    0.7147603991130987,
    0.7191896711786588,
    0.7315902002155781,
    0.7398210093379021,
    0.7029111298422018,
    0.6957357972860336,
    0.6968404427170753,
    0.6899950802326202,
    0.6826668766637644,
    0.6729249072571596,
    0.6773804401357969,
    0.6658262213071188,
    0.6655496992170811,
    0.6629092867175738,
    0.6606101418534914,
    0.6603261356552442,
    0.6468631687263647,
    0.641626387834549,
    0.650922945390145,
    0.6545012344916662,
    0.6420477951566378,
    0.6404704228043556,
    0.6480834297835827,
    0.6566114847858747,
    0.6376945649584135,
    0.6378033285339674,
    0.6437738674382368,
    0.6336307177941004,
    0.6378703936934471,
    0.6384740968545278,
    0.6273755244910717,
    0.6421989301840464,
    0.6407607023914655,
    0.6369279014567534,
    0.6413117672006289,
    0.6305761101345221,
    0.6292610230545203,
    0.6355609931051731,
    0.6358778874079386,
    0.6305908026794592,
    0.6305226807792982,
    0.6289597625533739,
    0.6273661007483801,
    0.629252627491951,
    0.6310299957791964,
    0.6268922736247381,
    0.628014919658502,
    0.6299264232317606,
    0.6283334059019884,
    0.6285859234631062,
    0.6291308340926965,
    0.6290308559934298,
    0.6288063066701094
  ]
}