{
  "pet": [
    0.39628276228904724,
    0.13405123353004456,
    -0.17693816125392914,
    -0.579279363155365,
    -0.5899219512939453,
    -0.4898778796195984,
    -0.21839141845703125,
    0.02408788539469242,
    0.18557381629943848,
    0.46275031566619873,
    1.1091599464416504,
    NaN
  ],
  "pck": [
    0.762481153011322,
    0.22807620465755463,
    -0.27472400665283203,
    -0.685393214225769,
    -0.8958746194839478,
    -0.6691095232963562,
    -0.346470445394516,
    -0.10564853250980377,
    0.3463152348995209,
    0.8846766948699951,
    0.9200350642204285,
    NaN
  ],
  "aet": [
    0.5485714673995972,
    -0.005362627562135458,
    -0.3898979723453522,
    -0.6151238679885864,
    -0.46036332845687866,
    -0.4005848169326782,
    -0.032516684383153915,
    0.2609056532382965,
    0.2839159369468689,
    0.167884960770607,
    0.006909165997058153,
    NaN
  ],
  "cwd": [
    0.14099889993667603,
    0.16950500011444092,
    0.17287443578243256,
    -0.14107637107372284,
    -0.34366875886917114,
    0.1388150304555893,
    -0.4036406874656677,
    -0.3123033344745636,
    -0.29746782779693604,
    -0.9189683198928833,
    -2.1027488708496094,
    NaN
  ]
}