{
  "pet": [
    0.4170495271682739,
    0.15064358711242676,
    -0.1786653846502304,
    -0.5739451050758362,
    -0.6189942955970764,
    -0.5101898312568665,
    -0.21844986081123352,
    -0.0021769171580672264,
    0.1593078076839447,
    0.4607754349708557,
    1.2011505365371704,
    NaN
  ],
  "pck": [
    0.6766901016235352,
    0.09766487032175064,
    -0.2678489089012146,
    -0.5206140279769897,
    -0.6866976618766785,
    -0.5265424251556396,
    -0.41674527525901794,
    -0.410785049200058,
    0.21687622368335724,
    0.9992444515228271,
    1.1992011070251465,
    NaN
  ],
  "aet": [
    0.42831242084503174,
    -0.13222461938858032,
    -0.38618937134742737,
    -0.5278525352478027,
    -0.33252623677253723,
    -0.29242783784866333,
    0.10334992408752441,
    0.3245304524898529,
    0.19570986926555634,
    0.0009397687972523272,
    -0.012295643799006939,
    NaN
  ],
  "cwd": [
    0.14101341366767883,
    0.19017893075942993,
    0.182501420378685,
    -0.10638441145420074,
    -0.33642828464508057,
    0.20194435119628906,
    -0.3902897834777832,
    -0.40599125623703003,
    -0.37037599086761475,
    -1.0436205863952637,
    -2.327259063720703,
    NaN
  ]
}