{
  "run_id": "v18-petfloor0.3",
  "created": "2026-03-25T01:37:54",
  "git_tag": "v18-petfloor0.3",
  "git_hash": "a1eede8",
  "notes": "pet_floor=0.3 (from 0.5). Allows PET weight to decay further, testing whether backbone shifts more attention to AET/CWD without hurting global PET NSE critically.",
  "zarr_store": "/home/mmann1123/extra_space/bcm_emulator/data/bcm_dataset.zarr",
  "zarr_md5_meta": "ed20e202de3115491c840ab17efa2727",
  "training_summary": {
    "best_val_loss": 0.5055954171593782,
    "best_epoch": 78,
    "total_epochs": 100
  },
  "metrics_summary": {
    "pet": {
      "nse": 0.8704793453216553,
      "kge": 0.8573981665322763,
      "rmse": 21.684480667114258,
      "pbias": -0.7196906208992004
    },
    "pck": {
      "nse": 0.9368113279342651,
      "kge": 0.8519847526056106,
      "rmse": 13.183979034423828,
      "pbias": 11.630565643310547
    },
    "aet": {
      "nse": 0.8539804220199585,
      "kge": 0.8183838654979572,
      "rmse": 11.51037311553955,
      "pbias": 8.523210525512695
    },
    "cwd": {
      "nse": 0.9243793487548828,
      "kge": 0.9256608113567373,
      "rmse": 16.001949310302734,
      "pbias": -3.475278377532959
    },
    "aet_p95": {
      "rmse": 24.833547592163086,
      "bias": -16.640737533569336,
      "n_samples": 289047,
      "exceedance_hit_rate": 0.7601912491740097
    },
    "aet_p99": {
      "rmse": 29.30135154724121,
      "bias": -24.686185836791992,
      "n_samples": 57813,
      "exceedance_hit_rate": 0.5936035147804127
    },
    "cwd_p95": {
      "rmse": 9.15960693359375,
      "bias": -3.000765323638916,
      "n_samples": 289066,
      "exceedance_hit_rate": 0.781561996222316
    },
    "cwd_p99": {
      "rmse": 5.8164191246032715,
      "bias": -2.7678117752075195,
      "n_samples": 57812,
      "exceedance_hit_rate": 0.6934892409880302
    },
    "cwd_identity_mae": NaN
  }
}