{
  "pet": [
    0.4339376986026764,
    0.1498737633228302,
    -0.16344720125198364,
    -0.5815666913986206,
    -0.6216965913772583,
    -0.5170903205871582,
    -0.24323761463165283,
    -0.011800341308116913,
    0.15311762690544128,
    0.48811158537864685,
    1.1337369680404663,
    NaN
  ],
  "pck": [
    0.7345591187477112,
    0.2327863723039627,
    -0.17661860585212708,
    -0.6531484723091125,
    -1.0321311950683594,
    -0.7976734638214111,
    -0.33072221279144287,
    -0.05465284734964371,
    0.4462191164493561,
    0.963589608669281,
    1.024085283279419,
    NaN
  ],
  "aet": [
    0.4324288070201874,
    -0.14997556805610657,
    -0.4403536319732666,
    -0.4917834401130676,
    -0.2660394608974457,
    -0.3037479817867279,
    0.09359157085418701,
    0.2961244583129883,
    0.205984428524971,
    0.04246433824300766,
    -0.03008561208844185,
    NaN
  ],
  "cwd": [
    0.12256978452205658,
    0.16062834858894348,
    0.16177305579185486,
    -0.13674667477607727,
    -0.3164551556110382,
    0.23629672825336456,
    -0.3748108744621277,
    -0.33296167850494385,
    -0.3611859679222107,
    -0.9889815449714661,
    -2.2517082691192627,
    NaN
  ]
}