{
  "pet": {
    "nse": 0.8589154481887817,
    "kge": 0.8460233892814777,
    "rmse": 22.63180923461914,
    "pbias": -0.762013852596283
  },
  "pck": {
    "nse": 0.9246387481689453,
    "kge": 0.8184225607694915,
    "rmse": 14.397958755493164,
    "pbias": 13.798623085021973
  },
  "aet": {
    "nse": 0.8543930649757385,
    "kge": 0.8261294549478331,
    "rmse": 11.494095802307129,
    "pbias": 8.113224983215332
  },
  "cwd": {
    "nse": 0.9247533679008484,
    "kge": 0.9254544113565327,
    "rmse": 15.962327003479004,
    "pbias": -3.3666768074035645
  },
  "aet_p95": {
    "rmse": 24.78143310546875,
    "bias": -16.13849639892578,
    "n_samples": 289047,
    "exceedance_hit_rate": 0.7543928842022232
  },
  "aet_p99": {
    "rmse": 29.633970260620117,
    "bias": -23.9493350982666,
    "n_samples": 57813,
    "exceedance_hit_rate": 0.5486482279072181
  },
  "cwd_p95": {
    "rmse": 9.376665115356445,
    "bias": -3.6664230823516846,
    "n_samples": 289066,
    "exceedance_hit_rate": 0.7686306933364698
  },
  "cwd_p99": {
    "rmse": 6.392752647399902,
    "bias": -3.554560422897339,
    "n_samples": 57812,
    "exceedance_hit_rate": 0.6646543970110012
  },
  "cwd_identity_mae": NaN
}