{
  "pet": [
    0.42188969254493713,
    0.132790207862854,
    -0.1933361440896988,
    -0.5864894986152649,
    -0.6259948015213013,
    -0.46372050046920776,
    -0.22129350900650024,
    0.03136274591088295,
    0.21734055876731873,
    0.47601333260536194,
    1.0045082569122314,
    NaN
  ],
  "pck": [
    0.7939819693565369,
    0.28717947006225586,
    -0.28808143734931946,
    -0.6760599613189697,
    -0.8118637800216675,
    -0.6680203676223755,
    -0.41680899262428284,
    -0.11942009627819061,
    0.29490458965301514,
    0.5760371685028076,
    0.6117213368415833,
    NaN
  ],
  "aet": [
    0.4659545421600342,
    -0.10663846880197525,
    -0.4137519896030426,
    -0.5672028660774231,
    -0.35087817907333374,
    -0.3257906436920166,
    0.03849928453564644,
    0.3199195861816406,
    0.28857144713401794,
    0.13990429043769836,
    -0.004530836828052998,
    NaN
  ],
  "cwd": [
    0.15572980046272278,
    0.19106459617614746,
    0.21042072772979736,
    -0.07033044844865799,
    -0.3321692943572998,
    0.19187749922275543,
    -0.4718170166015625,
    -0.4261404275894165,
    -0.39831292629241943,
    -1.0740097761154175,
    -2.3742926120758057,
    NaN
  ]
}