{
  "pet": [
    0.4205757677555084,
    0.1313398778438568,
    -0.1941111981868744,
    -0.5900230407714844,
    -0.6203919649124146,
    -0.4982198178768158,
    -0.17805808782577515,
    0.03425363078713417,
    0.20338685810565948,
    0.4651542603969574,
    1.0723224878311157,
    NaN
  ],
  "pck": [
    0.7977988719940186,
    0.2585594654083252,
    -0.3035406768321991,
    -0.6823040843009949,
    -0.8097758889198303,
    -0.6496301889419556,
    -0.4004910886287689,
    -0.10408885031938553,
    0.3304683566093445,
    0.6288720965385437,
    0.5647900700569153,
    NaN
  ],
  "aet": [
    0.4033718407154083,
    -0.10367455333471298,
    -0.3053748309612274,
    -0.4537343680858612,
    -0.32961875200271606,
    -0.3789682984352112,
    0.030085822567343712,
    0.23928101360797882,
    0.15327323973178864,
    0.01923152431845665,
    -0.04679156467318535,
    NaN
  ],
  "cwd": [
    0.10389015078544617,
    0.1749996393918991,
    0.21759530901908875,
    -0.052061256021261215,
    -0.306987464427948,
    0.20501966774463654,
    -0.4265182614326477,
    -0.4193838834762573,
    -0.37799957394599915,
    -1.076769471168518,
    -2.4181976318359375,
    NaN
  ]
}