{
  "pet": [
    0.34251534938812256,
    0.07554329186677933,
    -0.1679493486881256,
    -0.5883577466011047,
    -0.588065505027771,
    -0.38688430190086365,
    -0.1461617648601532,
    0.092305026948452,
    0.26665788888931274,
    0.3595830202102661,
    0.9755179286003113,
    NaN
  ],
  "pck": [
    0.6820434331893921,
    0.12193030118942261,
    -0.2990708649158478,
    -0.35343408584594727,
    -0.36583954095840454,
    -0.3577086329460144,
    -0.5190984606742859,
    -0.5501392483711243,
    -0.27919983863830566,
    0.3168441653251648,
    0.5044189095497131,
    NaN
  ],
  "aet": [
    -0.05840477719902992,
    -0.26922810077667236,
    0.1401182860136032,
    0.22181563079357147,
    -0.1254158467054367,
    -0.6830758452415466,
    0.2571102976799011,
    0.01602444238960743,
    -0.8586050868034363,
    -0.4579824209213257,
    1.417641043663025,
    NaN
  ],
  "cwd": [
    0.5877634286880493,
    0.5195717215538025,
    0.4533478617668152,
    0.0784510150551796,
    -0.4189571738243103,
    -0.36737608909606934,
    -1.0376216173171997,
    -1.085771083831787,
    -0.9438086152076721,
    -1.3178691864013672,
    -2.2335402965545654,
    NaN
  ]
}