{
  "pet": [
    0.18027186393737793,
    -0.005731695797294378,
    -0.19250719249248505,
    -0.46993574500083923,
    -0.4511640965938568,
    -0.25886857509613037,
    -0.01642671786248684,
    0.1598358154296875,
    0.25655779242515564,
    0.20677345991134644,
    0.5373075008392334,
    NaN
  ],
  "pck": [
    0.6782640814781189,
    0.17256499826908112,
    -0.26896706223487854,
    -0.5393887162208557,
    -0.7336714863777161,
    -0.6441435217857361,
    -0.5367470383644104,
    -0.33440765738487244,
    0.19757750630378723,
    1.2301623821258545,
    1.5181277990341187,
    NaN
  ],
  "aet": [
    0.6040647625923157,
    0.08533711731433868,
    -0.18092870712280273,
    -0.3861674666404724,
    -0.49218374490737915,
    -0.6327120065689087,
    -0.33925721049308777,
    -0.02046828903257847,
    0.06750386208295822,
    0.05706265941262245,
    -0.0773037001490593,
    NaN
  ],
  "cwd": [
    0.20018595457077026,
    0.31431445479393005,
    0.337004691362381,
    0.028035689145326614,
    -0.2936443090438843,
    0.17372845113277435,
    -0.6825826168060303,
    -0.741680383682251,
    -0.664249062538147,
    -1.3061530590057373,
    -2.6046900749206543,
    NaN
  ]
}