{
  "pet": {
    "nse": 0.9268390536308289,
    "kge": 0.9439251147710266,
    "rmse": 16.297433853149414,
    "pbias": -0.8400158286094666
  },
  "pck": {
    "nse": 0.9396204948425293,
    "kge": 0.8634437188765356,
    "rmse": 12.887589454650879,
    "pbias": 11.643401145935059
  },
  "aet": {
    "nse": 0.8343005180358887,
    "kge": 0.7561610432936225,
    "rmse": 12.261521339416504,
    "pbias": 6.050348281860352
  },
  "cwd": {
    "nse": 0.9028826951980591,
    "kge": 0.9319404895963118,
    "rmse": 18.13430404663086,
    "pbias": -2.2860820293426514
  },
  "cwd_identity_mae": NaN
}