{
  "pet": [
    0.4448007047176361,
    0.1591940075159073,
    -0.17346809804439545,
    -0.5772808194160461,
    -0.650907039642334,
    -0.5502254366874695,
    -0.2347123622894287,
    -0.006672884803265333,
    0.15588676929473877,
    0.5365931987762451,
    1.2118200063705444,
    NaN
  ],
  "pck": [
    0.7620978951454163,
    0.2317209094762802,
    -0.2717171013355255,
    -0.6691626310348511,
    -0.8946126103401184,
    -0.758326530456543,
    -0.44547760486602783,
    -0.11621467024087906,
    0.474256694316864,
    1.0263317823410034,
    1.1275302171707153,
    NaN
  ],
  "aet": [
    0.4434281289577484,
    -0.09577032923698425,
    -0.30312877893447876,
    -0.4269811511039734,
    -0.3490917682647705,
    -0.4096909165382385,
    -0.021548781543970108,
    0.20747222006320953,
    0.1409016102552414,
    0.009711174294352531,
    -0.03848201036453247,
    NaN
  ],
  "cwd": [
    0.07663914561271667,
    0.13895776867866516,
    0.1168268620967865,
    -0.13914887607097626,
    -0.34579160809516907,
    0.23967047035694122,
    -0.33853572607040405,
    -0.25280776619911194,
    -0.2490125298500061,
    -0.8072203397750854,
    -2.1229522228240967,
    NaN
  ]
}