{
  "run_id": "v18-cwd3-aet1.5",
  "created": "2026-03-24T23:16:15",
  "git_tag": "v18-cwd3-aet1.5",
  "git_hash": "a1eede8",
  "notes": "cwd_initial=3.0, aet_initial=1.5. Tests whether pushing CWD weight further improves CWD extremes without hurting AET.",
  "zarr_store": "/home/mmann1123/extra_space/bcm_emulator/data/bcm_dataset.zarr",
  "zarr_md5_meta": "ed20e202de3115491c840ab17efa2727",
  "training_summary": {
    "best_val_loss": 0.5928587945150469,
    "best_epoch": 75,
    "total_epochs": 100
  },
  "metrics_summary": {
    "pet": {
      "nse": 0.8638575077056885,
      "kge": 0.8535893702616433,
      "rmse": 22.231887817382812,
      "pbias": -0.8000452518463135
    },
    "pck": {
      "nse": 0.9112962484359741,
      "kge": 0.7648011301537261,
      "rmse": 15.620606422424316,
      "pbias": 17.65408706665039
    },
    "aet": {
      "nse": 0.8537487387657166,
      "kge": 0.81161711047621,
      "rmse": 11.519499778747559,
      "pbias": 9.205476760864258
    },
    "cwd": {
      "nse": 0.9270811080932617,
      "kge": 0.9268061558996421,
      "rmse": 15.713492393493652,
      "pbias": -3.9404404163360596
    },
    "aet_p95": {
      "rmse": 24.848337173461914,
      "bias": -16.904727935791016,
      "n_samples": 289047,
      "exceedance_hit_rate": 0.7602050877538947
    },
    "aet_p99": {
      "rmse": 29.918182373046875,
      "bias": -24.828689575195312,
      "n_samples": 57813,
      "exceedance_hit_rate": 0.5898673308771384
    },
    "cwd_p95": {
      "rmse": 8.668155670166016,
      "bias": -3.3431193828582764,
      "n_samples": 289066,
      "exceedance_hit_rate": 0.8013948371652149
    },
    "cwd_p99": {
      "rmse": 5.950740814208984,
      "bias": -3.688058614730835,
      "n_samples": 57812,
      "exceedance_hit_rate": 0.6907562443783297
    },
    "cwd_identity_mae": NaN
  }
}