{
  "pet": [
    0.43094199895858765,
    0.15239262580871582,
    -0.16860589385032654,
    -0.5898950695991516,
    -0.5844713449478149,
    -0.49543651938438416,
    -0.2591862976551056,
    -0.03163987398147583,
    0.11434043943881989,
    0.48400452733039856,
    1.147704005241394,
    NaN
  ],
  "pck": [
    0.7869550585746765,
    0.2914823889732361,
    -0.20221827924251556,
    -0.6530312299728394,
    -0.9060251116752625,
    -0.7668038606643677,
    -0.4444926679134369,
    -0.16800226271152496,
    0.2801782786846161,
    0.7911330461502075,
    0.8875547647476196,
    NaN
  ],
  "aet": [
    0.496284157037735,
    -0.07479025423526764,
    -0.46731552481651306,
    -0.6361465454101562,
    -0.3763957917690277,
    -0.29832935333251953,
    0.09492690861225128,
    0.36262616515159607,
    0.29280051589012146,
    0.10463160276412964,
    -0.004268646240234375,
    NaN
  ],
  "cwd": [
    0.13620668649673462,
    0.17451459169387817,
    0.11003503203392029,
    -0.12750865519046783,
    -0.3228714168071747,
    0.17446552217006683,
    -0.36566925048828125,
    -0.3125551640987396,
    -0.3714515268802643,
    -0.8612833023071289,
    -2.084869623184204,
    NaN
  ]
}