{
  "pet": [
    0.19146111607551575,
    -0.00809122622013092,
    -0.20577770471572876,
    -0.4912605285644531,
    -0.4445132911205292,
    -0.2566462457180023,
    0.008547469973564148,
    0.17986510694026947,
    0.22776976227760315,
    0.2627672255039215,
    0.4373518228530884,
    NaN
  ],
  "pck": [
    0.6983985900878906,
    0.14478835463523865,
    -0.21141919493675232,
    -0.5477441549301147,
    -0.8208916783332825,
    -0.6240980625152588,
    -0.3627118170261383,
    -0.28408998250961304,
    0.19543036818504333,
    0.9467817544937134,
    1.1153514385223389,
    NaN
  ],
  "aet": [
    0.6335352659225464,
    0.07408415526151657,
    -0.34897270798683167,
    -0.5920552015304565,
    -0.5200012922286987,
    -0.5400093197822571,
    -0.22025702893733978,
    0.16595546901226044,
    0.285878449678421,
    0.2874693274497986,
    0.05241944640874863,
    NaN
  ],
  "cwd": [
    0.3653387725353241,
    0.39864516258239746,
    0.28884992003440857,
    0.034062400460243225,
    -0.3035094141960144,
    -0.03206341341137886,
    -0.7089453935623169,
    -0.7974586486816406,
    -0.8341145515441895,
    -1.4518585205078125,
    -2.4197583198547363,
    NaN
  ]
}