{
  "run_id": "v10-kbdi-aet-only",
  "created": "2026-03-20T11:13:21",
  "git_tag": "v10-kbdi-aet-only",
  "git_hash": "2b5a079",
  "notes": "KBDI routed only to AET head (bypasses backbone); 10 dyn through backbone, KBDI  injected at AET stage",
  "zarr_store": "/home/mmann1123/extra_space/bcm_emulator/data/bcm_dataset.zarr",
  "zarr_md5_meta": "976cea9fc3d39bd72bf55cd29b165bb0",
  "training_summary": {
    "best_val_loss": 0.3703425752509172,
    "best_epoch": 83,
    "total_epochs": 100
  },
  "metrics_summary": {
    "pet": {
      "nse": 0.9270185828208923,
      "kge": 0.9420300815670812,
      "rmse": 16.27742576599121,
      "pbias": -1.0140869617462158
    },
    "pck": {
      "nse": 0.9287887215614319,
      "kge": 0.8258899005943139,
      "rmse": 13.9959135055542,
      "pbias": 13.514110565185547
    },
    "aet": {
      "nse": 0.8395299911499023,
      "kge": 0.7689169317303983,
      "rmse": 12.066484451293945,
      "pbias": 6.30987548828125
    },
    "cwd": {
      "nse": 0.8969987630844116,
      "kge": 0.9247550917769873,
      "rmse": 18.675569534301758,
      "pbias": -2.580552577972412
    },
    "aet_p95": {
      "rmse": 29.5650634765625,
      "bias": -23.25281524658203,
      "n_samples": 289047,
      "exceedance_hit_rate": 0.7578075537888301
    },
    "aet_p99": {
      "rmse": 37.491058349609375,
      "bias": -33.6378288269043,
      "n_samples": 57813,
      "exceedance_hit_rate": 0.5866673585525747
    },
    "cwd_p95": {
      "rmse": 9.572186470031738,
      "bias": -0.5941283106803894,
      "n_samples": 289066,
      "exceedance_hit_rate": 0.7974614793853307
    },
    "cwd_p99": {
      "rmse": 5.736974716186523,
      "bias": -0.5964221954345703,
      "n_samples": 57812,
      "exceedance_hit_rate": 0.684114024769944
    },
    "cwd_identity_mae": NaN
  }
}