{
  "pet": [
    0.43673768639564514,
    0.14017942547798157,
    -0.18024657666683197,
    -0.5808538198471069,
    -0.6242742538452148,
    -0.5011040568351746,
    -0.23199830949306488,
    0.00019755189714487642,
    0.16828523576259613,
    0.4684278666973114,
    1.157174825668335,
    NaN
  ],
  "pck": [
    0.790359377861023,
    0.26683440804481506,
    -0.2769736051559448,
    -0.6589979529380798,
    -0.8161596059799194,
    -0.687785804271698,
    -0.4274151921272278,
    -0.15370675921440125,
    0.3205847442150116,
    0.673419177532196,
    0.6855911016464233,
    NaN
  ],
  "aet": [
    0.5160907506942749,
    -0.11311827600002289,
    -0.4424464702606201,
    -0.5684599280357361,
    -0.4252600073814392,
    -0.3220437467098236,
    0.08739904314279556,
    0.35176581144332886,
    0.2798919975757599,
    0.10615287721157074,
    -0.0030756236519664526,
    NaN
  ],
  "cwd": [
    0.16316354274749756,
    0.19907233119010925,
    0.1658594310283661,
    -0.134849414229393,
    -0.34939077496528625,
    0.12143656611442566,
    -0.4131454825401306,
    -0.3688042163848877,
    -0.3169121742248535,
    -0.9636403322219849,
    -2.0633840560913086,
    NaN
  ]
}