{
  "pet": {
    "nse": 0.8571990132331848,
    "kge": 0.8531411635952897,
    "rmse": 22.769060134887695,
    "pbias": -1.1144907474517822
  },
  "pck": {
    "nse": 0.9155271053314209,
    "kge": 0.7567588225391318,
    "rmse": 15.243535041809082,
    "pbias": 18.962234497070312
  },
  "aet": {
    "nse": 0.8530870676040649,
    "kge": 0.8311881834467993,
    "rmse": 11.54552936553955,
    "pbias": 6.600090503692627
  },
  "cwd": {
    "nse": 0.9134395718574524,
    "kge": 0.9237307557230295,
    "rmse": 17.120338439941406,
    "pbias": -3.1167373657226562
  },
  "aet_p95": {
    "rmse": 25.173877716064453,
    "bias": -16.40780258178711,
    "n_samples": 289047,
    "exceedance_hit_rate": 0.7546246804152957
  },
  "aet_p99": {
    "rmse": 29.91523551940918,
    "bias": -24.686960220336914,
    "n_samples": 57813,
    "exceedance_hit_rate": 0.5498590282462422
  },
  "cwd_p95": {
    "rmse": 10.070507049560547,
    "bias": -3.542022228240967,
    "n_samples": 289066,
    "exceedance_hit_rate": 0.7680633488545868
  },
  "cwd_p99": {
    "rmse": 7.049557209014893,
    "bias": -3.3969602584838867,
    "n_samples": 57812,
    "exceedance_hit_rate": 0.6624403238082059
  },
  "cwd_identity_mae": NaN
}