{
  "pet": [
    0.18772917985916138,
    -0.004927326925098896,
    -0.20704905688762665,
    -0.49178022146224976,
    -0.4465618431568146,
    -0.2548255920410156,
    0.01904265768826008,
    0.18653815984725952,
    0.2626006603240967,
    0.27352386713027954,
    0.2606060802936554,
    NaN
  ],
  "pck": [
    0.24194197356700897,
    -0.10229014605283737,
    -0.16709119081497192,
    0.18270470201969147,
    -0.34800291061401367,
    -0.3670952320098877,
    -0.4735296368598938,
    -0.5653945803642273,
    -0.2491135448217392,
    0.8100467324256897,
    0.7987881898880005,
    NaN
  ],
  "aet": [
    0.6270145177841187,
    0.1725097894668579,
    -0.12295260280370712,
    -0.368177592754364,
    -0.46532106399536133,
    -0.720474123954773,
    -0.4673096537590027,
    -0.13702039420604706,
    -0.012138067744672298,
    0.04597631096839905,
    -0.16107982397079468,
    NaN
  ],
  "cwd": [
    0.21383355557918549,
    0.33736512064933777,
    0.30028560757637024,
    0.07570966333150864,
    -0.29452255368232727,
    0.13298338651657104,
    -0.7048466205596924,
    -0.7480261325836182,
    -0.6878125071525574,
    -1.3155176639556885,
    -2.559500217437744,
    NaN
  ]
}