{
  "pet": [
    0.4270458519458771,
    0.1397443264722824,
    -0.18295130133628845,
    -0.5657447576522827,
    -0.6233466863632202,
    -0.5084056854248047,
    -0.22748017311096191,
    0.003696527797728777,
    0.17793117463588715,
    0.4760431945323944,
    1.1281681060791016,
    NaN
  ],
  "pck": [
    0.7981128096580505,
    0.2597682774066925,
    -0.3173235356807709,
    -0.7260860800743103,
    -0.8529756665229797,
    -0.6617254614830017,
    -0.3373139500617981,
    -0.04366445913910866,
    0.33510205149650574,
    0.6781845092773438,
    0.7284104228019714,
    NaN
  ],
  "aet": [
    0.47127649188041687,
    -0.18474727869033813,
    -0.4623624384403229,
    -0.4850103259086609,
    -0.3140403926372528,
    -0.27806925773620605,
    0.10552458465099335,
    0.32484501600265503,
    0.22347493469715118,
    0.048441752791404724,
    -0.02283637784421444,
    NaN
  ],
  "cwd": [
    0.1741652935743332,
    0.23554061353206635,
    0.18444885313510895,
    -0.08163447678089142,
    -0.32561227679252625,
    0.1354270875453949,
    -0.42774200439453125,
    -0.4519883394241333,
    -0.46251803636550903,
    -1.0737154483795166,
    -2.3298165798187256,
    NaN
  ]
}