{
  "pet": {
    "nse": 0.8666746616363525,
    "kge": 0.8559899289451678,
    "rmse": 22.00066375732422,
    "pbias": -0.805147647857666
  },
  "pck": {
    "nse": 0.9065490961074829,
    "kge": 0.7203656076903078,
    "rmse": 16.033143997192383,
    "pbias": 22.37116050720215
  },
  "aet": {
    "nse": 0.8530431985855103,
    "kge": 0.8280239385709853,
    "rmse": 11.547252655029297,
    "pbias": 9.235112190246582
  },
  "cwd": {
    "nse": 0.9219340085983276,
    "kge": 0.9250158839170969,
    "rmse": 16.25861930847168,
    "pbias": -3.8691694736480713
  },
  "aet_p95": {
    "rmse": 24.997333526611328,
    "bias": -14.846166610717773,
    "n_samples": 289047,
    "exceedance_hit_rate": 0.750234390946801
  },
  "aet_p99": {
    "rmse": 29.508670806884766,
    "bias": -23.51413345336914,
    "n_samples": 57813,
    "exceedance_hit_rate": 0.5299846055385466
  },
  "cwd_p95": {
    "rmse": 8.67341136932373,
    "bias": -2.9373462200164795,
    "n_samples": 289066,
    "exceedance_hit_rate": 0.7915527941715733
  },
  "cwd_p99": {
    "rmse": 5.764639854431152,
    "bias": -3.227581262588501,
    "n_samples": 57812,
    "exceedance_hit_rate": 0.664775479139279
  },
  "cwd_identity_mae": NaN
}