{
  "pet": [
    0.4048607647418976,
    0.15109704434871674,
    -0.14490459859371185,
    -0.5778241157531738,
    -0.6225231289863586,
    -0.5358044505119324,
    -0.23574523627758026,
    0.00781763345003128,
    0.17148737609386444,
    0.4772956967353821,
    1.2131855487823486,
    NaN
  ],
  "pck": [
    0.7980941534042358,
    0.2564873695373535,
    -0.3196678161621094,
    -0.7186519503593445,
    -0.7916955351829529,
    -0.6532066464424133,
    -0.37793663144111633,
    -0.04239792004227638,
    0.3151400089263916,
    0.6410722136497498,
    0.5751354098320007,
    NaN
  ],
  "aet": [
    0.39873403310775757,
    -0.11298097670078278,
    -0.36687642335891724,
    -0.43897223472595215,
    -0.3069183826446533,
    -0.37973394989967346,
    0.06786195188760757,
    0.2929416596889496,
    0.18954436480998993,
    -0.04169318079948425,
    -0.01208928320556879,
    NaN
  ],
  "cwd": [
    0.09571600705385208,
    0.19709888100624084,
    0.18394379317760468,
    -0.042207323014736176,
    -0.29617300629615784,
    0.1892181932926178,
    -0.4702773988246918,
    -0.38543760776519775,
    -0.381039023399353,
    -0.9667602777481079,
    -2.434023141860962,
    NaN
  ]
}