{
  "pet": {
    "nse": 0.8631848692893982,
    "kge": 0.8572142542927907,
    "rmse": 22.286741256713867,
    "pbias": -0.4000381529331207
  },
  "pck": {
    "nse": 0.9317243695259094,
    "kge": 0.7857081964265635,
    "rmse": 13.70439338684082,
    "pbias": 17.85967445373535
  },
  "aet": {
    "nse": 0.8628858923912048,
    "kge": 0.8236318088591068,
    "rmse": 11.153851509094238,
    "pbias": 9.687950134277344
  },
  "cwd": {
    "nse": 0.9246110916137695,
    "kge": 0.9268206703120563,
    "rmse": 15.977413177490234,
    "pbias": -3.590664863586426
  },
  "aet_p95": {
    "rmse": 22.832088470458984,
    "bias": -14.354127883911133,
    "n_samples": 289047,
    "exceedance_hit_rate": 0.7647545208910662
  },
  "aet_p99": {
    "rmse": 26.699546813964844,
    "bias": -21.34855842590332,
    "n_samples": 57813,
    "exceedance_hit_rate": 0.5830003632401017
  },
  "cwd_p95": {
    "rmse": 9.176421165466309,
    "bias": -4.242663383483887,
    "n_samples": 289066,
    "exceedance_hit_rate": 0.7554053399569648
  },
  "cwd_p99": {
    "rmse": 7.0718889236450195,
    "bias": -5.043872833251953,
    "n_samples": 57812,
    "exceedance_hit_rate": 0.6340379160035978
  },
  "cwd_identity_mae": NaN
}