{
  "pet": [
    0.42062681913375854,
    0.1395302712917328,
    -0.1697637438774109,
    -0.5720035433769226,
    -0.6452409625053406,
    -0.49470698833465576,
    -0.22380812466144562,
    0.003467225469648838,
    0.16639092564582825,
    0.5049448609352112,
    1.1627418994903564,
    NaN
  ],
  "pck": [
    0.7886013984680176,
    0.29006248712539673,
    -0.23726972937583923,
    -0.7064602375030518,
    -0.9613056778907776,
    -0.7683739066123962,
    -0.36120307445526123,
    -0.04512544721364975,
    0.4025619328022003,
    0.7717909216880798,
    0.7865034937858582,
    NaN
  ],
  "aet": [
    0.458249568939209,
    -0.06702464818954468,
    -0.29719460010528564,
    -0.4236482083797455,
    -0.3549189269542694,
    -0.45709747076034546,
    -0.04353693127632141,
    0.1990545094013214,
    0.12670427560806274,
    0.0067863608710467815,
    -0.051763612776994705,
    NaN
  ],
  "cwd": [
    0.06077506020665169,
    0.14174523949623108,
    0.1516445130109787,
    -0.08782844990491867,
    -0.3141018748283386,
    0.323168009519577,
    -0.4140009880065918,
    -0.32712501287460327,
    -0.29676568508148193,
    -0.9528071284294128,
    -2.314030408859253,
    NaN
  ]
}