{
  "pet": {
    "nse": 0.8724786043167114,
    "kge": 0.8625529982192295,
    "rmse": 21.516468048095703,
    "pbias": -0.6816409826278687
  },
  "pck": {
    "nse": 0.908554196357727,
    "kge": 0.7719220284233883,
    "rmse": 15.86020565032959,
    "pbias": 16.47675895690918
  },
  "aet": {
    "nse": 0.8581783771514893,
    "kge": 0.8163478106555364,
    "rmse": 11.343706130981445,
    "pbias": 8.947345733642578
  },
  "cwd": {
    "nse": 0.9259848594665527,
    "kge": 0.93393996295494,
    "rmse": 15.831169128417969,
    "pbias": -3.5868306159973145
  },
  "aet_p95": {
    "rmse": 24.738252639770508,
    "bias": -15.887298583984375,
    "n_samples": 289047,
    "exceedance_hit_rate": 0.7608762588783139
  },
  "aet_p99": {
    "rmse": 29.178993225097656,
    "bias": -23.524600982666016,
    "n_samples": 57813,
    "exceedance_hit_rate": 0.5789874249736219
  },
  "cwd_p95": {
    "rmse": 8.165188789367676,
    "bias": -2.3501837253570557,
    "n_samples": 289066,
    "exceedance_hit_rate": 0.7947769713491036
  },
  "cwd_p99": {
    "rmse": 5.166110038757324,
    "bias": -2.4445643424987793,
    "n_samples": 57812,
    "exceedance_hit_rate": 0.6932816716252681
  },
  "cwd_identity_mae": NaN
}